SlNo,Station,Agency,State LGD Code,State,District LGD Code,District,Tehsil,Block,Village,River,Basin,Tributary,Subtributary,SubSubtributary,Local River,Latitude,Longitude,Data Acquisition Time,Telemetry Hourly Rainfall (mm)
1,AT Road Crossing Jorhat towni,Assam,18,Assam,290,JORHAT,-,-,-,-,-,-,-,-,-,26.76311000,94.22003000,11-05-2026 03:00,0.5
2,AT Road Crossing Jorhat towni,Assam,18,Assam,290,JORHAT,-,-,-,-,-,-,-,-,-,26.76311000,94.22003000,15-05-2026 17:00,0.5
3,AT Road Crossing Jorhat towni,Assam,18,Assam,290,JORHAT,-,-,-,-,-,-,-,-,-,26.76311000,94.22003000,17-05-2026 03:00,0.5
4,AT Road Crossing Jorhat towni,Assam,18,Assam,290,JORHAT,-,-,-,-,-,-,-,-,-,26.76311000,94.22003000,17-05-2026 04:00,0.5
5,AT Road Crossing Jorhat towni,Assam,18,Assam,290,JORHAT,-,-,-,-,-,-,-,-,-,26.76311000,94.22003000,17-05-2026 05:00,0.5
6,AT Road Crossing Jorhat towni,Assam,18,Assam,290,JORHAT,-,-,-,-,-,-,-,-,-,26.76311000,94.22003000,17-05-2026 08:00,0.5
7,AT Road Crossing Jorhat towni,Assam,18,Assam,290,JORHAT,-,-,-,-,-,-,-,-,-,26.76311000,94.22003000,18-05-2026 07:00,1
8,AT Road Crossing Jorhat towni,Assam,18,Assam,290,JORHAT,-,-,-,-,-,-,-,-,-,26.76311000,94.22003000,20-05-2026 00:00,0.5
9,AT Road Crossing Jorhat towni,Assam,18,Assam,290,JORHAT,-,-,-,-,-,-,-,-,-,26.76311000,94.22003000,20-05-2026 01:00,0.5
10,AT Road Crossing Jorhat towni,Assam,18,Assam,290,JORHAT,-,-,-,-,-,-,-,-,-,26.76311000,94.22003000,20-05-2026 02:00,0.5
11,AT Road Crossing Jorhat towni,Assam,18,Assam,290,JORHAT,-,-,-,-,-,-,-,-,-,26.76311000,94.22003000,20-05-2026 17:00,1
12,AT Road Crossing Jorhat towni,Assam,18,Assam,290,JORHAT,-,-,-,-,-,-,-,-,-,26.76311000,94.22003000,20-05-2026 18:00,2
13,AT Road Crossing Jorhat towni,Assam,18,Assam,290,JORHAT,-,-,-,-,-,-,-,-,-,26.76311000,94.22003000,20-05-2026 19:00,2
14,AT Road Crossing Jorhat towni,Assam,18,Assam,290,JORHAT,-,-,-,-,-,-,-,-,-,26.76311000,94.22003000,20-05-2026 20:00,1.5
15,AT Road Crossing Jorhat towni,Assam,18,Assam,290,JORHAT,-,-,-,-,-,-,-,-,-,26.76311000,94.22003000,20-05-2026 21:00,1.5
16,AT Road Crossing Jorhat towni,Assam,18,Assam,290,JORHAT,-,-,-,-,-,-,-,-,-,26.76311000,94.22003000,20-05-2026 22:00,1
17,AT Road Crossing Jorhat towni,Assam,18,Assam,290,JORHAT,-,-,-,-,-,-,-,-,-,26.76311000,94.22003000,20-05-2026 23:00,1
18,AT Road Crossing Jorhat towni,Assam,18,Assam,290,JORHAT,-,-,-,-,-,-,-,-,-,26.76311000,94.22003000,21-05-2026 00:00,1
19,AT Road Crossing Jorhat towni,Assam,18,Assam,290,JORHAT,-,-,-,-,-,-,-,-,-,26.76311000,94.22003000,21-05-2026 01:00,1
20,AT Road Crossing Jorhat towni,Assam,18,Assam,290,JORHAT,-,-,-,-,-,-,-,-,-,26.76311000,94.22003000,21-05-2026 02:00,1
21,AT Road Crossing Jorhat towni,Assam,18,Assam,290,JORHAT,-,-,-,-,-,-,-,-,-,26.76311000,94.22003000,21-05-2026 03:00,0.5
22,AT Road Crossing Jorhat towni,Assam,18,Assam,290,JORHAT,-,-,-,-,-,-,-,-,-,26.76311000,94.22003000,21-05-2026 04:00,0.5
23,AT Road Crossing Jorhat towni,Assam,18,Assam,290,JORHAT,-,-,-,-,-,-,-,-,-,26.76311000,94.22003000,21-05-2026 05:00,0.5
24,AT Road Crossing Jorhat towni,Assam,18,Assam,290,JORHAT,-,-,-,-,-,-,-,-,-,26.76311000,94.22003000,21-05-2026 06:00,0.5
25,AT Road Crossing Jorhat towni,Assam,18,Assam,290,JORHAT,-,-,-,-,-,-,-,-,-,26.76311000,94.22003000,21-05-2026 08:00,0.5
26,AT Road Crossing Jorhat towni,Assam,18,Assam,290,JORHAT,-,-,-,-,-,-,-,-,-,26.76311000,94.22003000,25-05-2026 15:00,2.4
27,AT Road Crossing Jorhat towni,Assam,18,Assam,290,JORHAT,-,-,-,-,-,-,-,-,-,26.76311000,94.22003000,26-05-2026 04:00,0.2
28,AT Road Crossing Jorhat towni,Assam,18,Assam,290,JORHAT,-,-,-,-,-,-,-,-,-,26.76311000,94.22003000,26-05-2026 05:00,0.4
29,AT Road Crossing Jorhat towni,Assam,18,Assam,290,JORHAT,-,-,-,-,-,-,-,-,-,26.76311000,94.22003000,26-05-2026 08:00,0.2
30,AT Road Crossing Jorhat towni,Assam,18,Assam,290,JORHAT,-,-,-,-,-,-,-,-,-,26.76311000,94.22003000,28-05-2026 04:00,0.2
31,AT Road Crossing Jorhat towni,Assam,18,Assam,290,JORHAT,-,-,-,-,-,-,-,-,-,26.76311000,94.22003000,28-05-2026 05:00,20.8
32,AT Road Crossing Jorhat towni,Assam,18,Assam,290,JORHAT,-,-,-,-,-,-,-,-,-,26.76311000,94.22003000,28-05-2026 06:00,8
33,AT Road Crossing Jorhat towni,Assam,18,Assam,290,JORHAT,-,-,-,-,-,-,-,-,-,26.76311000,94.22003000,28-05-2026 07:00,2.6
34,AT Road Crossing Jorhat towni,Assam,18,Assam,290,JORHAT,-,-,-,-,-,-,-,-,-,26.76311000,94.22003000,28-05-2026 09:00,0.6
35,AT Road Crossing Jorhat towni,Assam,18,Assam,290,JORHAT,-,-,-,-,-,-,-,-,-,26.76311000,94.22003000,28-05-2026 10:00,0.4
36,AT Road Crossing Jorhat towni,Assam,18,Assam,290,JORHAT,-,-,-,-,-,-,-,-,-,26.76311000,94.22003000,28-05-2026 11:00,0.2
37,AT Road Crossing Jorhat towni,Assam,18,Assam,290,JORHAT,-,-,-,-,-,-,-,-,-,26.76311000,94.22003000,28-05-2026 12:00,0.2
38,AT Road Crossing Jorhat towni,Assam,18,Assam,290,JORHAT,-,-,-,-,-,-,-,-,-,26.76311000,94.22003000,31-05-2026 07:00,0.2
39,AT Road Crossing Jorhat towni,Assam,18,Assam,290,JORHAT,-,-,-,-,-,-,-,-,-,26.76311000,94.22003000,31-05-2026 08:00,0.2
40,AT Road Crossing Jorhat towni,Assam,18,Assam,290,JORHAT,-,-,-,-,-,-,-,-,-,26.76311000,94.22003000,31-05-2026 09:00,0.2
41,AT Road Crossing Jorhat towni,Assam,18,Assam,290,JORHAT,-,-,-,-,-,-,-,-,-,26.76311000,94.22003000,31-05-2026 10:00,0.2
42,AT Road Crossing Jorhat towni,Assam,18,Assam,290,JORHAT,-,-,-,-,-,-,-,-,-,26.76311000,94.22003000,03-06-2026 18:00,0.4
43,AT Road Crossing Jorhat towni,Assam,18,Assam,290,JORHAT,-,-,-,-,-,-,-,-,-,26.76311000,94.22003000,03-06-2026 19:00,0.2
44,AT Road Crossing Jorhat towni,Assam,18,Assam,290,JORHAT,-,-,-,-,-,-,-,-,-,26.76311000,94.22003000,03-06-2026 20:00,0.2
45,AT Road Crossing Jorhat towni,Assam,18,Assam,290,JORHAT,-,-,-,-,-,-,-,-,-,26.76311000,94.22003000,03-06-2026 21:00,0.2
46,Biswanath_1,Assam,18,Assam,284,DHEMAJI,-,-,-,-,-,-,-,-,-,27.42110000,94.45021000,11-05-2026 05:00,0.2
47,Biswanath_1,Assam,18,Assam,284,DHEMAJI,-,-,-,-,-,-,-,-,-,27.42110000,94.45021000,14-05-2026 20:00,9
48,Biswanath_1,Assam,18,Assam,284,DHEMAJI,-,-,-,-,-,-,-,-,-,27.42110000,94.45021000,14-05-2026 21:00,12.6
49,Biswanath_1,Assam,18,Assam,284,DHEMAJI,-,-,-,-,-,-,-,-,-,27.42110000,94.45021000,15-05-2026 12:00,0.4
50,Biswanath_1,Assam,18,Assam,284,DHEMAJI,-,-,-,-,-,-,-,-,-,27.42110000,94.45021000,16-05-2026 05:00,0.4
51,Biswanath_1,Assam,18,Assam,284,DHEMAJI,-,-,-,-,-,-,-,-,-,27.42110000,94.45021000,17-05-2026 00:00,2.4
52,Biswanath_1,Assam,18,Assam,284,DHEMAJI,-,-,-,-,-,-,-,-,-,27.42110000,94.45021000,17-05-2026 01:00,6.2
53,Biswanath_1,Assam,18,Assam,284,DHEMAJI,-,-,-,-,-,-,-,-,-,27.42110000,94.45021000,17-05-2026 03:00,1
54,Biswanath_1,Assam,18,Assam,284,DHEMAJI,-,-,-,-,-,-,-,-,-,27.42110000,94.45021000,17-05-2026 04:00,10.2
55,Biswanath_1,Assam,18,Assam,284,DHEMAJI,-,-,-,-,-,-,-,-,-,27.42110000,94.45021000,17-05-2026 08:00,0.4
56,Biswanath_1,Assam,18,Assam,284,DHEMAJI,-,-,-,-,-,-,-,-,-,27.42110000,94.45021000,17-05-2026 18:00,6
57,Biswanath_1,Assam,18,Assam,284,DHEMAJI,-,-,-,-,-,-,-,-,-,27.42110000,94.45021000,17-05-2026 19:00,0.6
58,Biswanath_1,Assam,18,Assam,284,DHEMAJI,-,-,-,-,-,-,-,-,-,27.42110000,94.45021000,17-05-2026 21:00,10.6
59,Biswanath_1,Assam,18,Assam,284,DHEMAJI,-,-,-,-,-,-,-,-,-,27.42110000,94.45021000,17-05-2026 22:00,33
60,Biswanath_1,Assam,18,Assam,284,DHEMAJI,-,-,-,-,-,-,-,-,-,27.42110000,94.45021000,17-05-2026 23:00,7.6
61,Biswanath_1,Assam,18,Assam,284,DHEMAJI,-,-,-,-,-,-,-,-,-,27.42110000,94.45021000,18-05-2026 00:00,0.8
62,Biswanath_1,Assam,18,Assam,284,DHEMAJI,-,-,-,-,-,-,-,-,-,27.42110000,94.45021000,18-05-2026 02:00,0.4
63,Biswanath_1,Assam,18,Assam,284,DHEMAJI,-,-,-,-,-,-,-,-,-,27.42110000,94.45021000,18-05-2026 03:00,0.2
64,Biswanath_1,Assam,18,Assam,284,DHEMAJI,-,-,-,-,-,-,-,-,-,27.42110000,94.45021000,18-05-2026 04:00,1.6
65,Biswanath_1,Assam,18,Assam,284,DHEMAJI,-,-,-,-,-,-,-,-,-,27.42110000,94.45021000,18-05-2026 21:00,0.6
66,Biswanath_1,Assam,18,Assam,284,DHEMAJI,-,-,-,-,-,-,-,-,-,27.42110000,94.45021000,18-05-2026 22:00,4
67,Biswanath_1,Assam,18,Assam,284,DHEMAJI,-,-,-,-,-,-,-,-,-,27.42110000,94.45021000,19-05-2026 12:00,0.2
68,Biswanath_1,Assam,18,Assam,284,DHEMAJI,-,-,-,-,-,-,-,-,-,27.42110000,94.45021000,22-05-2026 07:00,0.4
69,Biswanath_1,Assam,18,Assam,284,DHEMAJI,-,-,-,-,-,-,-,-,-,27.42110000,94.45021000,23-05-2026 07:00,2
70,Biswanath_1,Assam,18,Assam,284,DHEMAJI,-,-,-,-,-,-,-,-,-,27.42110000,94.45021000,23-05-2026 13:00,11.8
71,Biswanath_1,Assam,18,Assam,284,DHEMAJI,-,-,-,-,-,-,-,-,-,27.42110000,94.45021000,23-05-2026 20:00,4.4
72,Biswanath_1,Assam,18,Assam,284,DHEMAJI,-,-,-,-,-,-,-,-,-,27.42110000,94.45021000,23-05-2026 22:00,1.6
73,Biswanath_1,Assam,18,Assam,284,DHEMAJI,-,-,-,-,-,-,-,-,-,27.42110000,94.45021000,23-05-2026 23:00,12
74,Biswanath_1,Assam,18,Assam,284,DHEMAJI,-,-,-,-,-,-,-,-,-,27.42110000,94.45021000,31-05-2026 12:00,0.4
75,Biswanath_1,Assam,18,Assam,284,DHEMAJI,-,-,-,-,-,-,-,-,-,27.42110000,94.45021000,02-06-2026 04:00,0.8
76,Biswanath_1,Assam,18,Assam,284,DHEMAJI,-,-,-,-,-,-,-,-,-,27.42110000,94.45021000,02-06-2026 09:00,3.4
77,Biswanath_1,Assam,18,Assam,284,DHEMAJI,-,-,-,-,-,-,-,-,-,27.42110000,94.45021000,02-06-2026 22:00,0.2
78,Biswanath_1,Assam,18,Assam,284,DHEMAJI,-,-,-,-,-,-,-,-,-,27.42110000,94.45021000,03-06-2026 01:00,16.2
79,Biswanath_1,Assam,18,Assam,284,DHEMAJI,-,-,-,-,-,-,-,-,-,27.42110000,94.45021000,03-06-2026 02:00,6.4
80,Biswanath_1,Assam,18,Assam,284,DHEMAJI,-,-,-,-,-,-,-,-,-,27.42110000,94.45021000,03-06-2026 19:00,0.2
81,Biswanath_1,Assam,18,Assam,284,DHEMAJI,-,-,-,-,-,-,-,-,-,27.42110000,94.45021000,03-06-2026 20:00,10.6
82,Bongaigaon_1,Assam,18,Assam,281,BONGAIGAON,-,-,-,-,-,-,-,-,-,26.48750000,90.54416667,13-05-2026 04:00,13.8
83,Bongaigaon_1,Assam,18,Assam,281,BONGAIGAON,-,-,-,-,-,-,-,-,-,26.48750000,90.54416667,13-05-2026 05:00,3.2
84,Bongaigaon_1,Assam,18,Assam,281,BONGAIGAON,-,-,-,-,-,-,-,-,-,26.48750000,90.54416667,14-05-2026 04:00,2.2
85,Bongaigaon_1,Assam,18,Assam,281,BONGAIGAON,-,-,-,-,-,-,-,-,-,26.48750000,90.54416667,14-05-2026 07:00,2
86,Bongaigaon_1,Assam,18,Assam,281,BONGAIGAON,-,-,-,-,-,-,-,-,-,26.48750000,90.54416667,14-05-2026 09:00,0.4
87,Bongaigaon_1,Assam,18,Assam,281,BONGAIGAON,-,-,-,-,-,-,-,-,-,26.48750000,90.54416667,15-05-2026 01:00,1.8
88,Bongaigaon_1,Assam,18,Assam,281,BONGAIGAON,-,-,-,-,-,-,-,-,-,26.48750000,90.54416667,15-05-2026 02:00,4.4
89,Bongaigaon_1,Assam,18,Assam,281,BONGAIGAON,-,-,-,-,-,-,-,-,-,26.48750000,90.54416667,15-05-2026 03:00,2.4
90,Bongaigaon_1,Assam,18,Assam,281,BONGAIGAON,-,-,-,-,-,-,-,-,-,26.48750000,90.54416667,15-05-2026 04:00,0.8
91,Bongaigaon_1,Assam,18,Assam,281,BONGAIGAON,-,-,-,-,-,-,-,-,-,26.48750000,90.54416667,15-05-2026 09:00,0.2
92,Bongaigaon_1,Assam,18,Assam,281,BONGAIGAON,-,-,-,-,-,-,-,-,-,26.48750000,90.54416667,15-05-2026 23:00,22.6
93,Bongaigaon_1,Assam,18,Assam,281,BONGAIGAON,-,-,-,-,-,-,-,-,-,26.48750000,90.54416667,16-05-2026 00:00,0.2
94,Bongaigaon_1,Assam,18,Assam,281,BONGAIGAON,-,-,-,-,-,-,-,-,-,26.48750000,90.54416667,16-05-2026 02:00,0.4
95,Bongaigaon_1,Assam,18,Assam,281,BONGAIGAON,-,-,-,-,-,-,-,-,-,26.48750000,90.54416667,16-05-2026 03:00,0.8
96,Bongaigaon_1,Assam,18,Assam,281,BONGAIGAON,-,-,-,-,-,-,-,-,-,26.48750000,90.54416667,16-05-2026 05:00,0.6
97,Bongaigaon_1,Assam,18,Assam,281,BONGAIGAON,-,-,-,-,-,-,-,-,-,26.48750000,90.54416667,16-05-2026 23:00,0.4
98,Bongaigaon_1,Assam,18,Assam,281,BONGAIGAON,-,-,-,-,-,-,-,-,-,26.48750000,90.54416667,17-05-2026 00:00,0.2
99,Bongaigaon_1,Assam,18,Assam,281,BONGAIGAON,-,-,-,-,-,-,-,-,-,26.48750000,90.54416667,17-05-2026 01:00,0.4
100,Bongaigaon_1,Assam,18,Assam,281,BONGAIGAON,-,-,-,-,-,-,-,-,-,26.48750000,90.54416667,17-05-2026 02:00,0.4
101,Bongaigaon_1,Assam,18,Assam,281,BONGAIGAON,-,-,-,-,-,-,-,-,-,26.48750000,90.54416667,17-05-2026 19:00,8.6
102,Bongaigaon_1,Assam,18,Assam,281,BONGAIGAON,-,-,-,-,-,-,-,-,-,26.48750000,90.54416667,17-05-2026 20:00,3.2
103,Bongaigaon_1,Assam,18,Assam,281,BONGAIGAON,-,-,-,-,-,-,-,-,-,26.48750000,90.54416667,18-05-2026 07:00,0.2
104,Bongaigaon_1,Assam,18,Assam,281,BONGAIGAON,-,-,-,-,-,-,-,-,-,26.48750000,90.54416667,18-05-2026 20:00,0.2
105,Bongaigaon_1,Assam,18,Assam,281,BONGAIGAON,-,-,-,-,-,-,-,-,-,26.48750000,90.54416667,19-05-2026 01:00,0.4
106,Bongaigaon_1,Assam,18,Assam,281,BONGAIGAON,-,-,-,-,-,-,-,-,-,26.48750000,90.54416667,21-05-2026 05:00,0.2
107,Bongaigaon_1,Assam,18,Assam,281,BONGAIGAON,-,-,-,-,-,-,-,-,-,26.48750000,90.54416667,21-05-2026 07:00,0.6
108,Bongaigaon_1,Assam,18,Assam,281,BONGAIGAON,-,-,-,-,-,-,-,-,-,26.48750000,90.54416667,21-05-2026 08:00,0.2
109,Bongaigaon_1,Assam,18,Assam,281,BONGAIGAON,-,-,-,-,-,-,-,-,-,26.48750000,90.54416667,21-05-2026 09:00,1.4
110,Bongaigaon_1,Assam,18,Assam,281,BONGAIGAON,-,-,-,-,-,-,-,-,-,26.48750000,90.54416667,21-05-2026 10:00,0.4
111,Bongaigaon_1,Assam,18,Assam,281,BONGAIGAON,-,-,-,-,-,-,-,-,-,26.48750000,90.54416667,21-05-2026 11:00,13.4
112,Bongaigaon_1,Assam,18,Assam,281,BONGAIGAON,-,-,-,-,-,-,-,-,-,26.48750000,90.54416667,21-05-2026 12:00,25.4
113,Bongaigaon_1,Assam,18,Assam,281,BONGAIGAON,-,-,-,-,-,-,-,-,-,26.48750000,90.54416667,21-05-2026 13:00,0.6
114,Bongaigaon_1,Assam,18,Assam,281,BONGAIGAON,-,-,-,-,-,-,-,-,-,26.48750000,90.54416667,22-05-2026 14:00,0.2
115,Bongaigaon_1,Assam,18,Assam,281,BONGAIGAON,-,-,-,-,-,-,-,-,-,26.48750000,90.54416667,23-05-2026 02:00,2
116,Bongaigaon_1,Assam,18,Assam,281,BONGAIGAON,-,-,-,-,-,-,-,-,-,26.48750000,90.54416667,23-05-2026 03:00,0.2
117,Bongaigaon_1,Assam,18,Assam,281,BONGAIGAON,-,-,-,-,-,-,-,-,-,26.48750000,90.54416667,23-05-2026 04:00,7.4
118,Bongaigaon_1,Assam,18,Assam,281,BONGAIGAON,-,-,-,-,-,-,-,-,-,26.48750000,90.54416667,23-05-2026 05:00,0.2
119,Bongaigaon_1,Assam,18,Assam,281,BONGAIGAON,-,-,-,-,-,-,-,-,-,26.48750000,90.54416667,23-05-2026 07:00,1
120,Bongaigaon_1,Assam,18,Assam,281,BONGAIGAON,-,-,-,-,-,-,-,-,-,26.48750000,90.54416667,23-05-2026 08:00,66.4
121,Bongaigaon_1,Assam,18,Assam,281,BONGAIGAON,-,-,-,-,-,-,-,-,-,26.48750000,90.54416667,23-05-2026 09:00,6.4
122,Bongaigaon_1,Assam,18,Assam,281,BONGAIGAON,-,-,-,-,-,-,-,-,-,26.48750000,90.54416667,23-05-2026 20:00,2.4
123,Bongaigaon_1,Assam,18,Assam,281,BONGAIGAON,-,-,-,-,-,-,-,-,-,26.48750000,90.54416667,23-05-2026 21:00,4.6
124,Bongaigaon_1,Assam,18,Assam,281,BONGAIGAON,-,-,-,-,-,-,-,-,-,26.48750000,90.54416667,23-05-2026 23:00,0.2
125,Bongaigaon_1,Assam,18,Assam,281,BONGAIGAON,-,-,-,-,-,-,-,-,-,26.48750000,90.54416667,24-05-2026 01:00,0.2
126,Bongaigaon_1,Assam,18,Assam,281,BONGAIGAON,-,-,-,-,-,-,-,-,-,26.48750000,90.54416667,24-05-2026 03:00,0.2
127,Bongaigaon_1,Assam,18,Assam,281,BONGAIGAON,-,-,-,-,-,-,-,-,-,26.48750000,90.54416667,24-05-2026 20:00,8.8
128,Bongaigaon_1,Assam,18,Assam,281,BONGAIGAON,-,-,-,-,-,-,-,-,-,26.48750000,90.54416667,24-05-2026 21:00,18.4
129,Bongaigaon_1,Assam,18,Assam,281,BONGAIGAON,-,-,-,-,-,-,-,-,-,26.48750000,90.54416667,24-05-2026 22:00,7.2
130,Bongaigaon_1,Assam,18,Assam,281,BONGAIGAON,-,-,-,-,-,-,-,-,-,26.48750000,90.54416667,25-05-2026 07:00,0.4
131,Bongaigaon_1,Assam,18,Assam,281,BONGAIGAON,-,-,-,-,-,-,-,-,-,26.48750000,90.54416667,25-05-2026 08:00,17.6
132,Bongaigaon_1,Assam,18,Assam,281,BONGAIGAON,-,-,-,-,-,-,-,-,-,26.48750000,90.54416667,25-05-2026 09:00,2.6
133,Bongaigaon_1,Assam,18,Assam,281,BONGAIGAON,-,-,-,-,-,-,-,-,-,26.48750000,90.54416667,25-05-2026 10:00,0.8
134,Bongaigaon_1,Assam,18,Assam,281,BONGAIGAON,-,-,-,-,-,-,-,-,-,26.48750000,90.54416667,25-05-2026 11:00,0.2
135,Bongaigaon_1,Assam,18,Assam,281,BONGAIGAON,-,-,-,-,-,-,-,-,-,26.48750000,90.54416667,25-05-2026 21:00,1.8
136,Bongaigaon_1,Assam,18,Assam,281,BONGAIGAON,-,-,-,-,-,-,-,-,-,26.48750000,90.54416667,25-05-2026 22:00,5.2
137,Bongaigaon_1,Assam,18,Assam,281,BONGAIGAON,-,-,-,-,-,-,-,-,-,26.48750000,90.54416667,25-05-2026 23:00,6.6
138,Bongaigaon_1,Assam,18,Assam,281,BONGAIGAON,-,-,-,-,-,-,-,-,-,26.48750000,90.54416667,26-05-2026 00:00,0.4
139,Bongaigaon_1,Assam,18,Assam,281,BONGAIGAON,-,-,-,-,-,-,-,-,-,26.48750000,90.54416667,26-05-2026 04:00,2.8
140,Bongaigaon_1,Assam,18,Assam,281,BONGAIGAON,-,-,-,-,-,-,-,-,-,26.48750000,90.54416667,26-05-2026 05:00,2
141,Bongaigaon_1,Assam,18,Assam,281,BONGAIGAON,-,-,-,-,-,-,-,-,-,26.48750000,90.54416667,26-05-2026 06:00,0.6
142,Bongaigaon_1,Assam,18,Assam,281,BONGAIGAON,-,-,-,-,-,-,-,-,-,26.48750000,90.54416667,26-05-2026 14:00,0.2
143,Bongaigaon_1,Assam,18,Assam,281,BONGAIGAON,-,-,-,-,-,-,-,-,-,26.48750000,90.54416667,01-06-2026 09:00,0.2
144,Bongaigaon_1,Assam,18,Assam,281,BONGAIGAON,-,-,-,-,-,-,-,-,-,26.48750000,90.54416667,03-06-2026 01:00,0.4
145,Bongaigaon_1,Assam,18,Assam,281,BONGAIGAON,-,-,-,-,-,-,-,-,-,26.48750000,90.54416667,03-06-2026 05:00,0.2
146,Bongaigaon_1,Assam,18,Assam,281,BONGAIGAON,-,-,-,-,-,-,-,-,-,26.48750000,90.54416667,03-06-2026 07:00,0.4
147,Bongaigaon_1,Assam,18,Assam,281,BONGAIGAON,-,-,-,-,-,-,-,-,-,26.48750000,90.54416667,03-06-2026 18:00,28.2
148,Bongaigaon_1,Assam,18,Assam,281,BONGAIGAON,-,-,-,-,-,-,-,-,-,26.48750000,90.54416667,03-06-2026 19:00,3
149,Bongaigaon_1,Assam,18,Assam,281,BONGAIGAON,-,-,-,-,-,-,-,-,-,26.48750000,90.54416667,03-06-2026 20:00,3.8
150,Bongaigaon_1,Assam,18,Assam,281,BONGAIGAON,-,-,-,-,-,-,-,-,-,26.48750000,90.54416667,03-06-2026 21:00,1.4
151,Champabati,Assam,18,Assam,287,GOALPARA,-,-,-,-,-,-,-,-,-,26.02744200,90.66889200,11-05-2026 17:00,0.5
152,Champabati,Assam,18,Assam,287,GOALPARA,-,-,-,-,-,-,-,-,-,26.02744200,90.66889200,12-05-2026 01:00,6
153,Champabati,Assam,18,Assam,287,GOALPARA,-,-,-,-,-,-,-,-,-,26.02744200,90.66889200,12-05-2026 05:00,1.5
154,Champabati,Assam,18,Assam,287,GOALPARA,-,-,-,-,-,-,-,-,-,26.02744200,90.66889200,12-05-2026 09:00,5
155,Champabati,Assam,18,Assam,287,GOALPARA,-,-,-,-,-,-,-,-,-,26.02744200,90.66889200,12-05-2026 10:00,1
156,Champabati,Assam,18,Assam,287,GOALPARA,-,-,-,-,-,-,-,-,-,26.02744200,90.66889200,13-05-2026 05:00,5.5
157,Champabati,Assam,18,Assam,287,GOALPARA,-,-,-,-,-,-,-,-,-,26.02744200,90.66889200,13-05-2026 06:00,1
158,Champabati,Assam,18,Assam,287,GOALPARA,-,-,-,-,-,-,-,-,-,26.02744200,90.66889200,14-05-2026 05:00,8.5
159,Champabati,Assam,18,Assam,287,GOALPARA,-,-,-,-,-,-,-,-,-,26.02744200,90.66889200,14-05-2026 06:00,3
160,Champabati,Assam,18,Assam,287,GOALPARA,-,-,-,-,-,-,-,-,-,26.02744200,90.66889200,14-05-2026 22:00,4.5
161,Champabati,Assam,18,Assam,287,GOALPARA,-,-,-,-,-,-,-,-,-,26.02744200,90.66889200,14-05-2026 23:00,6
162,Champabati,Assam,18,Assam,287,GOALPARA,-,-,-,-,-,-,-,-,-,26.02744200,90.66889200,15-05-2026 01:00,8
163,Champabati,Assam,18,Assam,287,GOALPARA,-,-,-,-,-,-,-,-,-,26.02744200,90.66889200,15-05-2026 02:00,4
164,Champabati,Assam,18,Assam,287,GOALPARA,-,-,-,-,-,-,-,-,-,26.02744200,90.66889200,15-05-2026 05:00,1.5
165,Champabati,Assam,18,Assam,287,GOALPARA,-,-,-,-,-,-,-,-,-,26.02744200,90.66889200,15-05-2026 21:00,2
166,Champabati,Assam,18,Assam,287,GOALPARA,-,-,-,-,-,-,-,-,-,26.02744200,90.66889200,15-05-2026 22:00,4
167,Champabati,Assam,18,Assam,287,GOALPARA,-,-,-,-,-,-,-,-,-,26.02744200,90.66889200,15-05-2026 23:00,1
168,Champabati,Assam,18,Assam,287,GOALPARA,-,-,-,-,-,-,-,-,-,26.02744200,90.66889200,16-05-2026 04:00,4.5
169,Champabati,Assam,18,Assam,287,GOALPARA,-,-,-,-,-,-,-,-,-,26.02744200,90.66889200,17-05-2026 01:00,1
170,Champabati,Assam,18,Assam,287,GOALPARA,-,-,-,-,-,-,-,-,-,26.02744200,90.66889200,17-05-2026 18:00,16
171,Champabati,Assam,18,Assam,287,GOALPARA,-,-,-,-,-,-,-,-,-,26.02744200,90.66889200,17-05-2026 19:00,11
172,Champabati,Assam,18,Assam,287,GOALPARA,-,-,-,-,-,-,-,-,-,26.02744200,90.66889200,18-05-2026 07:00,2
173,Champabati,Assam,18,Assam,287,GOALPARA,-,-,-,-,-,-,-,-,-,26.02744200,90.66889200,19-05-2026 06:00,6.5
174,Champabati,Assam,18,Assam,287,GOALPARA,-,-,-,-,-,-,-,-,-,26.02744200,90.66889200,19-05-2026 07:00,1
175,Champabati,Assam,18,Assam,287,GOALPARA,-,-,-,-,-,-,-,-,-,26.02744200,90.66889200,21-05-2026 09:00,8
176,Champabati,Assam,18,Assam,287,GOALPARA,-,-,-,-,-,-,-,-,-,26.02744200,90.66889200,21-05-2026 10:00,3
177,Champabati,Assam,18,Assam,287,GOALPARA,-,-,-,-,-,-,-,-,-,26.02744200,90.66889200,21-05-2026 11:00,11.5
178,Champabati,Assam,18,Assam,287,GOALPARA,-,-,-,-,-,-,-,-,-,26.02744200,90.66889200,21-05-2026 12:00,21.5
179,Champabati,Assam,18,Assam,287,GOALPARA,-,-,-,-,-,-,-,-,-,26.02744200,90.66889200,21-05-2026 13:00,1
180,Champabati,Assam,18,Assam,287,GOALPARA,-,-,-,-,-,-,-,-,-,26.02744200,90.66889200,22-05-2026 15:00,2.2
181,Champabati,Assam,18,Assam,287,GOALPARA,-,-,-,-,-,-,-,-,-,26.02744200,90.66889200,23-05-2026 02:00,0.2
182,Champabati,Assam,18,Assam,287,GOALPARA,-,-,-,-,-,-,-,-,-,26.02744200,90.66889200,23-05-2026 03:00,1.2
183,Champabati,Assam,18,Assam,287,GOALPARA,-,-,-,-,-,-,-,-,-,26.02744200,90.66889200,23-05-2026 04:00,3
184,Champabati,Assam,18,Assam,287,GOALPARA,-,-,-,-,-,-,-,-,-,26.02744200,90.66889200,23-05-2026 06:00,0.2
185,Champabati,Assam,18,Assam,287,GOALPARA,-,-,-,-,-,-,-,-,-,26.02744200,90.66889200,23-05-2026 07:00,21.4
186,Champabati,Assam,18,Assam,287,GOALPARA,-,-,-,-,-,-,-,-,-,26.02744200,90.66889200,23-05-2026 08:00,29.6
187,Champabati,Assam,18,Assam,287,GOALPARA,-,-,-,-,-,-,-,-,-,26.02744200,90.66889200,23-05-2026 09:00,4.4
188,Champabati,Assam,18,Assam,287,GOALPARA,-,-,-,-,-,-,-,-,-,26.02744200,90.66889200,23-05-2026 13:00,1.4
189,Champabati,Assam,18,Assam,287,GOALPARA,-,-,-,-,-,-,-,-,-,26.02744200,90.66889200,23-05-2026 18:00,0.2
190,Champabati,Assam,18,Assam,287,GOALPARA,-,-,-,-,-,-,-,-,-,26.02744200,90.66889200,23-05-2026 19:00,0.2
191,Champabati,Assam,18,Assam,287,GOALPARA,-,-,-,-,-,-,-,-,-,26.02744200,90.66889200,23-05-2026 20:00,7.6
192,Champabati,Assam,18,Assam,287,GOALPARA,-,-,-,-,-,-,-,-,-,26.02744200,90.66889200,24-05-2026 01:00,0.2
193,Champabati,Assam,18,Assam,287,GOALPARA,-,-,-,-,-,-,-,-,-,26.02744200,90.66889200,24-05-2026 05:00,0.2
194,Champabati,Assam,18,Assam,287,GOALPARA,-,-,-,-,-,-,-,-,-,26.02744200,90.66889200,24-05-2026 20:00,9
195,Champabati,Assam,18,Assam,287,GOALPARA,-,-,-,-,-,-,-,-,-,26.02744200,90.66889200,24-05-2026 22:00,12.6
196,Champabati,Assam,18,Assam,287,GOALPARA,-,-,-,-,-,-,-,-,-,26.02744200,90.66889200,25-05-2026 07:00,2.8
197,Champabati,Assam,18,Assam,287,GOALPARA,-,-,-,-,-,-,-,-,-,26.02744200,90.66889200,25-05-2026 08:00,1.8
198,Champabati,Assam,18,Assam,287,GOALPARA,-,-,-,-,-,-,-,-,-,26.02744200,90.66889200,25-05-2026 09:00,2.2
199,Champabati,Assam,18,Assam,287,GOALPARA,-,-,-,-,-,-,-,-,-,26.02744200,90.66889200,25-05-2026 10:00,0.6
200,Champabati,Assam,18,Assam,287,GOALPARA,-,-,-,-,-,-,-,-,-,26.02744200,90.66889200,25-05-2026 21:00,3.2
201,Champabati,Assam,18,Assam,287,GOALPARA,-,-,-,-,-,-,-,-,-,26.02744200,90.66889200,25-05-2026 22:00,3
202,Champabati,Assam,18,Assam,287,GOALPARA,-,-,-,-,-,-,-,-,-,26.02744200,90.66889200,25-05-2026 23:00,0.6
203,Champabati,Assam,18,Assam,287,GOALPARA,-,-,-,-,-,-,-,-,-,26.02744200,90.66889200,26-05-2026 03:00,0.2
204,Champabati,Assam,18,Assam,287,GOALPARA,-,-,-,-,-,-,-,-,-,26.02744200,90.66889200,26-05-2026 04:00,6.2
205,Champabati,Assam,18,Assam,287,GOALPARA,-,-,-,-,-,-,-,-,-,26.02744200,90.66889200,26-05-2026 05:00,17.4
206,Champabati,Assam,18,Assam,287,GOALPARA,-,-,-,-,-,-,-,-,-,26.02744200,90.66889200,26-05-2026 06:00,0.2
207,Champabati,Assam,18,Assam,287,GOALPARA,-,-,-,-,-,-,-,-,-,26.02744200,90.66889200,02-06-2026 20:00,0.2
208,Champabati,Assam,18,Assam,287,GOALPARA,-,-,-,-,-,-,-,-,-,26.02744200,90.66889200,03-06-2026 00:00,0.4
209,Champabati,Assam,18,Assam,287,GOALPARA,-,-,-,-,-,-,-,-,-,26.02744200,90.66889200,03-06-2026 14:00,0.2
210,Champabati,Assam,18,Assam,287,GOALPARA,-,-,-,-,-,-,-,-,-,26.02744200,90.66889200,03-06-2026 17:00,12
211,Champabati,Assam,18,Assam,287,GOALPARA,-,-,-,-,-,-,-,-,-,26.02744200,90.66889200,03-06-2026 18:00,3.4
212,Champabati,Assam,18,Assam,287,GOALPARA,-,-,-,-,-,-,-,-,-,26.02744200,90.66889200,03-06-2026 19:00,4.4
213,Champabati,Assam,18,Assam,287,GOALPARA,-,-,-,-,-,-,-,-,-,26.02744200,90.66889200,03-06-2026 21:00,0.2
214,Champabati,Assam,18,Assam,287,GOALPARA,-,-,-,-,-,-,-,-,-,26.02744200,90.66889200,03-06-2026 22:00,0.2
215,Dhaiali Dorika,Assam,18,Assam,300,SIVSAGAR,-,-,-,-,-,-,-,-,-,27.00947000,94.62373000,11-05-2026 05:00,4.5
216,Dhaiali Dorika,Assam,18,Assam,300,SIVSAGAR,-,-,-,-,-,-,-,-,-,27.00947000,94.62373000,11-05-2026 06:00,1
217,Dhaiali Dorika,Assam,18,Assam,300,SIVSAGAR,-,-,-,-,-,-,-,-,-,27.00947000,94.62373000,11-05-2026 07:00,1
218,Dhaiali Dorika,Assam,18,Assam,300,SIVSAGAR,-,-,-,-,-,-,-,-,-,27.00947000,94.62373000,11-05-2026 08:00,0.5
219,Dhaiali Dorika,Assam,18,Assam,300,SIVSAGAR,-,-,-,-,-,-,-,-,-,27.00947000,94.62373000,11-05-2026 09:00,1
220,Dhaiali Dorika,Assam,18,Assam,300,SIVSAGAR,-,-,-,-,-,-,-,-,-,27.00947000,94.62373000,14-05-2026 08:00,18
221,Dhaiali Dorika,Assam,18,Assam,300,SIVSAGAR,-,-,-,-,-,-,-,-,-,27.00947000,94.62373000,15-05-2026 05:00,1.5
222,Dhaiali Dorika,Assam,18,Assam,300,SIVSAGAR,-,-,-,-,-,-,-,-,-,27.00947000,94.62373000,15-05-2026 06:00,8.5
223,Dhaiali Dorika,Assam,18,Assam,300,SIVSAGAR,-,-,-,-,-,-,-,-,-,27.00947000,94.62373000,16-05-2026 07:00,1
224,Dhaiali Dorika,Assam,18,Assam,300,SIVSAGAR,-,-,-,-,-,-,-,-,-,27.00947000,94.62373000,16-05-2026 08:00,1
225,Dhaiali Dorika,Assam,18,Assam,300,SIVSAGAR,-,-,-,-,-,-,-,-,-,27.00947000,94.62373000,17-05-2026 03:00,4.5
226,Dhaiali Dorika,Assam,18,Assam,300,SIVSAGAR,-,-,-,-,-,-,-,-,-,27.00947000,94.62373000,17-05-2026 05:00,2.5
227,Dhaiali Dorika,Assam,18,Assam,300,SIVSAGAR,-,-,-,-,-,-,-,-,-,27.00947000,94.62373000,17-05-2026 06:00,1
228,Dhaiali Dorika,Assam,18,Assam,300,SIVSAGAR,-,-,-,-,-,-,-,-,-,27.00947000,94.62373000,17-05-2026 07:00,1
229,Dhaiali Dorika,Assam,18,Assam,300,SIVSAGAR,-,-,-,-,-,-,-,-,-,27.00947000,94.62373000,17-05-2026 08:00,14.5
230,Dhaiali Dorika,Assam,18,Assam,300,SIVSAGAR,-,-,-,-,-,-,-,-,-,27.00947000,94.62373000,17-05-2026 09:00,1
231,Dhaiali Dorika,Assam,18,Assam,300,SIVSAGAR,-,-,-,-,-,-,-,-,-,27.00947000,94.62373000,17-05-2026 10:00,1
232,Dhaiali Dorika,Assam,18,Assam,300,SIVSAGAR,-,-,-,-,-,-,-,-,-,27.00947000,94.62373000,21-05-2026 12:00,2
233,Dhaiali Dorika,Assam,18,Assam,300,SIVSAGAR,-,-,-,-,-,-,-,-,-,27.00947000,94.62373000,22-05-2026 07:00,6
234,Dhaiali Dorika,Assam,18,Assam,300,SIVSAGAR,-,-,-,-,-,-,-,-,-,27.00947000,94.62373000,23-05-2026 02:00,0.5
235,Dhaiali Dorika,Assam,18,Assam,300,SIVSAGAR,-,-,-,-,-,-,-,-,-,27.00947000,94.62373000,23-05-2026 09:00,5
236,Dhaiali Dorika,Assam,18,Assam,300,SIVSAGAR,-,-,-,-,-,-,-,-,-,27.00947000,94.62373000,23-05-2026 10:00,2.5
237,Dhaiali Dorika,Assam,18,Assam,300,SIVSAGAR,-,-,-,-,-,-,-,-,-,27.00947000,94.62373000,23-05-2026 17:00,0.5
238,Dhaiali Dorika,Assam,18,Assam,300,SIVSAGAR,-,-,-,-,-,-,-,-,-,27.00947000,94.62373000,26-05-2026 05:00,1
239,Dhaiali Dorika,Assam,18,Assam,300,SIVSAGAR,-,-,-,-,-,-,-,-,-,27.00947000,94.62373000,26-05-2026 06:00,4
240,Dhaiali Dorika,Assam,18,Assam,300,SIVSAGAR,-,-,-,-,-,-,-,-,-,27.00947000,94.62373000,26-05-2026 07:00,0.5
241,Dhaiali Dorika,Assam,18,Assam,300,SIVSAGAR,-,-,-,-,-,-,-,-,-,27.00947000,94.62373000,28-05-2026 05:00,14
242,Dhaiali Dorika,Assam,18,Assam,300,SIVSAGAR,-,-,-,-,-,-,-,-,-,27.00947000,94.62373000,28-05-2026 06:00,16.5
243,Dhaiali Dorika,Assam,18,Assam,300,SIVSAGAR,-,-,-,-,-,-,-,-,-,27.00947000,94.62373000,28-05-2026 07:00,6.5
244,Dhaiali Dorika,Assam,18,Assam,300,SIVSAGAR,-,-,-,-,-,-,-,-,-,27.00947000,94.62373000,28-05-2026 08:00,2
245,Dhaiali Dorika,Assam,18,Assam,300,SIVSAGAR,-,-,-,-,-,-,-,-,-,27.00947000,94.62373000,28-05-2026 12:00,9
246,Dhaiali Dorika,Assam,18,Assam,300,SIVSAGAR,-,-,-,-,-,-,-,-,-,27.00947000,94.62373000,31-05-2026 07:00,2.5
247,Dhaiali Dorika,Assam,18,Assam,300,SIVSAGAR,-,-,-,-,-,-,-,-,-,27.00947000,94.62373000,02-06-2026 01:00,1
248,Dhaligaon PHE,Assam,18,Assam,281,BONGAIGAON,-,-,-,-,-,-,-,-,-,26.49722222,90.52250000,06-05-2026 14:00,0.2
249,Dhaligaon PHE,Assam,18,Assam,281,BONGAIGAON,-,-,-,-,-,-,-,-,-,26.49722222,90.52250000,06-05-2026 15:00,0.2
250,Dhaligaon PHE,Assam,18,Assam,281,BONGAIGAON,-,-,-,-,-,-,-,-,-,26.49722222,90.52250000,06-05-2026 16:00,1.6
251,Dhaligaon PHE,Assam,18,Assam,281,BONGAIGAON,-,-,-,-,-,-,-,-,-,26.49722222,90.52250000,12-05-2026 00:00,0.8
252,Dhaligaon PHE,Assam,18,Assam,281,BONGAIGAON,-,-,-,-,-,-,-,-,-,26.49722222,90.52250000,12-05-2026 01:00,0.2
253,Dhaligaon PHE,Assam,18,Assam,281,BONGAIGAON,-,-,-,-,-,-,-,-,-,26.49722222,90.52250000,12-05-2026 02:00,1.4
254,Dhaligaon PHE,Assam,18,Assam,281,BONGAIGAON,-,-,-,-,-,-,-,-,-,26.49722222,90.52250000,12-05-2026 04:00,3
255,Dhaligaon PHE,Assam,18,Assam,281,BONGAIGAON,-,-,-,-,-,-,-,-,-,26.49722222,90.52250000,12-05-2026 05:00,1.2
256,Dhaligaon PHE,Assam,18,Assam,281,BONGAIGAON,-,-,-,-,-,-,-,-,-,26.49722222,90.52250000,12-05-2026 06:00,5.4
257,Dhaligaon PHE,Assam,18,Assam,281,BONGAIGAON,-,-,-,-,-,-,-,-,-,26.49722222,90.52250000,12-05-2026 09:00,0.4
258,Dhaligaon PHE,Assam,18,Assam,281,BONGAIGAON,-,-,-,-,-,-,-,-,-,26.49722222,90.52250000,12-05-2026 10:00,2
259,Dhaligaon PHE,Assam,18,Assam,281,BONGAIGAON,-,-,-,-,-,-,-,-,-,26.49722222,90.52250000,13-05-2026 04:00,14.8
260,Dhaligaon PHE,Assam,18,Assam,281,BONGAIGAON,-,-,-,-,-,-,-,-,-,26.49722222,90.52250000,13-05-2026 05:00,3.2
261,Dhaligaon PHE,Assam,18,Assam,281,BONGAIGAON,-,-,-,-,-,-,-,-,-,26.49722222,90.52250000,13-05-2026 06:00,2
262,Dhaligaon PHE,Assam,18,Assam,281,BONGAIGAON,-,-,-,-,-,-,-,-,-,26.49722222,90.52250000,14-05-2026 02:00,0.2
263,Dhaligaon PHE,Assam,18,Assam,281,BONGAIGAON,-,-,-,-,-,-,-,-,-,26.49722222,90.52250000,14-05-2026 04:00,0.4
264,Dhaligaon PHE,Assam,18,Assam,281,BONGAIGAON,-,-,-,-,-,-,-,-,-,26.49722222,90.52250000,14-05-2026 06:00,4
265,Dhaligaon PHE,Assam,18,Assam,281,BONGAIGAON,-,-,-,-,-,-,-,-,-,26.49722222,90.52250000,14-05-2026 08:00,0.2
266,Dhaligaon PHE,Assam,18,Assam,281,BONGAIGAON,-,-,-,-,-,-,-,-,-,26.49722222,90.52250000,14-05-2026 23:00,4.2
267,Dhaligaon PHE,Assam,18,Assam,281,BONGAIGAON,-,-,-,-,-,-,-,-,-,26.49722222,90.52250000,15-05-2026 00:00,3.8
268,Dhaligaon PHE,Assam,18,Assam,281,BONGAIGAON,-,-,-,-,-,-,-,-,-,26.49722222,90.52250000,15-05-2026 02:00,6.4
269,Dhaligaon PHE,Assam,18,Assam,281,BONGAIGAON,-,-,-,-,-,-,-,-,-,26.49722222,90.52250000,15-05-2026 03:00,4
270,Dhaligaon PHE,Assam,18,Assam,281,BONGAIGAON,-,-,-,-,-,-,-,-,-,26.49722222,90.52250000,15-05-2026 05:00,0.2
271,Dhaligaon PHE,Assam,18,Assam,281,BONGAIGAON,-,-,-,-,-,-,-,-,-,26.49722222,90.52250000,15-05-2026 06:00,2.2
272,Dhaligaon PHE,Assam,18,Assam,281,BONGAIGAON,-,-,-,-,-,-,-,-,-,26.49722222,90.52250000,15-05-2026 23:00,22
273,Dhaligaon PHE,Assam,18,Assam,281,BONGAIGAON,-,-,-,-,-,-,-,-,-,26.49722222,90.52250000,16-05-2026 00:00,0.2
274,Dhaligaon PHE,Assam,18,Assam,281,BONGAIGAON,-,-,-,-,-,-,-,-,-,26.49722222,90.52250000,16-05-2026 02:00,0.6
275,Dhaligaon PHE,Assam,18,Assam,281,BONGAIGAON,-,-,-,-,-,-,-,-,-,26.49722222,90.52250000,16-05-2026 04:00,0.2
276,Dhaligaon PHE,Assam,18,Assam,281,BONGAIGAON,-,-,-,-,-,-,-,-,-,26.49722222,90.52250000,16-05-2026 05:00,0.8
277,Dhaligaon PHE,Assam,18,Assam,281,BONGAIGAON,-,-,-,-,-,-,-,-,-,26.49722222,90.52250000,17-05-2026 01:00,0.6
278,Dhaligaon PHE,Assam,18,Assam,281,BONGAIGAON,-,-,-,-,-,-,-,-,-,26.49722222,90.52250000,17-05-2026 02:00,0.2
279,Dhaligaon PHE,Assam,18,Assam,281,BONGAIGAON,-,-,-,-,-,-,-,-,-,26.49722222,90.52250000,17-05-2026 09:00,0.2
280,Dhaligaon PHE,Assam,18,Assam,281,BONGAIGAON,-,-,-,-,-,-,-,-,-,26.49722222,90.52250000,17-05-2026 19:00,11.8
281,Dhaligaon PHE,Assam,18,Assam,281,BONGAIGAON,-,-,-,-,-,-,-,-,-,26.49722222,90.52250000,17-05-2026 20:00,2.4
282,Dhaligaon PHE,Assam,18,Assam,281,BONGAIGAON,-,-,-,-,-,-,-,-,-,26.49722222,90.52250000,18-05-2026 06:00,0.4
283,Dhaligaon PHE,Assam,18,Assam,281,BONGAIGAON,-,-,-,-,-,-,-,-,-,26.49722222,90.52250000,18-05-2026 07:00,0.2
284,Dhaligaon PHE,Assam,18,Assam,281,BONGAIGAON,-,-,-,-,-,-,-,-,-,26.49722222,90.52250000,18-05-2026 20:00,0.8
285,Dhaligaon PHE,Assam,18,Assam,281,BONGAIGAON,-,-,-,-,-,-,-,-,-,26.49722222,90.52250000,19-05-2026 01:00,2.2
286,Dhaligaon PHE,Assam,18,Assam,281,BONGAIGAON,-,-,-,-,-,-,-,-,-,26.49722222,90.52250000,21-05-2026 05:00,0.2
287,Dhaligaon PHE,Assam,18,Assam,281,BONGAIGAON,-,-,-,-,-,-,-,-,-,26.49722222,90.52250000,21-05-2026 07:00,0.8
288,Dhaligaon PHE,Assam,18,Assam,281,BONGAIGAON,-,-,-,-,-,-,-,-,-,26.49722222,90.52250000,21-05-2026 08:00,0.2
289,Dhaligaon PHE,Assam,18,Assam,281,BONGAIGAON,-,-,-,-,-,-,-,-,-,26.49722222,90.52250000,21-05-2026 09:00,1.8
290,Dhaligaon PHE,Assam,18,Assam,281,BONGAIGAON,-,-,-,-,-,-,-,-,-,26.49722222,90.52250000,21-05-2026 10:00,0.4
291,Dhaligaon PHE,Assam,18,Assam,281,BONGAIGAON,-,-,-,-,-,-,-,-,-,26.49722222,90.52250000,21-05-2026 11:00,10.8
292,Dhaligaon PHE,Assam,18,Assam,281,BONGAIGAON,-,-,-,-,-,-,-,-,-,26.49722222,90.52250000,21-05-2026 12:00,16.4
293,Dhaligaon PHE,Assam,18,Assam,281,BONGAIGAON,-,-,-,-,-,-,-,-,-,26.49722222,90.52250000,21-05-2026 13:00,1
294,Dhaligaon PHE,Assam,18,Assam,281,BONGAIGAON,-,-,-,-,-,-,-,-,-,26.49722222,90.52250000,23-05-2026 02:00,0.4
295,Dhaligaon PHE,Assam,18,Assam,281,BONGAIGAON,-,-,-,-,-,-,-,-,-,26.49722222,90.52250000,23-05-2026 03:00,0.4
296,Dhaligaon PHE,Assam,18,Assam,281,BONGAIGAON,-,-,-,-,-,-,-,-,-,26.49722222,90.52250000,23-05-2026 04:00,2.4
297,Dhaligaon PHE,Assam,18,Assam,281,BONGAIGAON,-,-,-,-,-,-,-,-,-,26.49722222,90.52250000,23-05-2026 06:00,0.2
298,Dhaligaon PHE,Assam,18,Assam,281,BONGAIGAON,-,-,-,-,-,-,-,-,-,26.49722222,90.52250000,23-05-2026 07:00,2.6
299,Dhaligaon PHE,Assam,18,Assam,281,BONGAIGAON,-,-,-,-,-,-,-,-,-,26.49722222,90.52250000,23-05-2026 08:00,41
300,Dhaligaon PHE,Assam,18,Assam,281,BONGAIGAON,-,-,-,-,-,-,-,-,-,26.49722222,90.52250000,23-05-2026 09:00,8.4
301,Dhaligaon PHE,Assam,18,Assam,281,BONGAIGAON,-,-,-,-,-,-,-,-,-,26.49722222,90.52250000,23-05-2026 12:00,0.2
302,Dhaligaon PHE,Assam,18,Assam,281,BONGAIGAON,-,-,-,-,-,-,-,-,-,26.49722222,90.52250000,23-05-2026 20:00,1.4
303,Dhaligaon PHE,Assam,18,Assam,281,BONGAIGAON,-,-,-,-,-,-,-,-,-,26.49722222,90.52250000,23-05-2026 21:00,4.6
304,Dhaligaon PHE,Assam,18,Assam,281,BONGAIGAON,-,-,-,-,-,-,-,-,-,26.49722222,90.52250000,23-05-2026 22:00,1.2
305,Dhaligaon PHE,Assam,18,Assam,281,BONGAIGAON,-,-,-,-,-,-,-,-,-,26.49722222,90.52250000,23-05-2026 23:00,0.2
306,Dhaligaon PHE,Assam,18,Assam,281,BONGAIGAON,-,-,-,-,-,-,-,-,-,26.49722222,90.52250000,24-05-2026 03:00,0.2
307,Dhaligaon PHE,Assam,18,Assam,281,BONGAIGAON,-,-,-,-,-,-,-,-,-,26.49722222,90.52250000,24-05-2026 20:00,8.6
308,Dhaligaon PHE,Assam,18,Assam,281,BONGAIGAON,-,-,-,-,-,-,-,-,-,26.49722222,90.52250000,24-05-2026 21:00,8
309,Dhaligaon PHE,Assam,18,Assam,281,BONGAIGAON,-,-,-,-,-,-,-,-,-,26.49722222,90.52250000,24-05-2026 22:00,9.6
310,Dhaligaon PHE,Assam,18,Assam,281,BONGAIGAON,-,-,-,-,-,-,-,-,-,26.49722222,90.52250000,25-05-2026 07:00,0.6
311,Dhaligaon PHE,Assam,18,Assam,281,BONGAIGAON,-,-,-,-,-,-,-,-,-,26.49722222,90.52250000,25-05-2026 08:00,9.8
312,Dhaligaon PHE,Assam,18,Assam,281,BONGAIGAON,-,-,-,-,-,-,-,-,-,26.49722222,90.52250000,25-05-2026 09:00,2.6
313,Dhaligaon PHE,Assam,18,Assam,281,BONGAIGAON,-,-,-,-,-,-,-,-,-,26.49722222,90.52250000,25-05-2026 10:00,0.6
314,Dhaligaon PHE,Assam,18,Assam,281,BONGAIGAON,-,-,-,-,-,-,-,-,-,26.49722222,90.52250000,25-05-2026 11:00,0.2
315,Dhaligaon PHE,Assam,18,Assam,281,BONGAIGAON,-,-,-,-,-,-,-,-,-,26.49722222,90.52250000,25-05-2026 21:00,1.6
316,Dhaligaon PHE,Assam,18,Assam,281,BONGAIGAON,-,-,-,-,-,-,-,-,-,26.49722222,90.52250000,25-05-2026 22:00,3
317,Dhaligaon PHE,Assam,18,Assam,281,BONGAIGAON,-,-,-,-,-,-,-,-,-,26.49722222,90.52250000,25-05-2026 23:00,10.4
318,Dhaligaon PHE,Assam,18,Assam,281,BONGAIGAON,-,-,-,-,-,-,-,-,-,26.49722222,90.52250000,26-05-2026 04:00,3.4
319,Dhaligaon PHE,Assam,18,Assam,281,BONGAIGAON,-,-,-,-,-,-,-,-,-,26.49722222,90.52250000,26-05-2026 05:00,1.8
320,Dhaligaon PHE,Assam,18,Assam,281,BONGAIGAON,-,-,-,-,-,-,-,-,-,26.49722222,90.52250000,26-05-2026 06:00,1
321,Dhaligaon PHE,Assam,18,Assam,281,BONGAIGAON,-,-,-,-,-,-,-,-,-,26.49722222,90.52250000,26-05-2026 07:00,0.2
322,Dhaligaon PHE,Assam,18,Assam,281,BONGAIGAON,-,-,-,-,-,-,-,-,-,26.49722222,90.52250000,31-05-2026 16:00,0.2
323,Dhaligaon PHE,Assam,18,Assam,281,BONGAIGAON,-,-,-,-,-,-,-,-,-,26.49722222,90.52250000,03-06-2026 01:00,0.2
324,Dhaligaon PHE,Assam,18,Assam,281,BONGAIGAON,-,-,-,-,-,-,-,-,-,26.49722222,90.52250000,03-06-2026 04:00,0.6
325,Dhaligaon PHE,Assam,18,Assam,281,BONGAIGAON,-,-,-,-,-,-,-,-,-,26.49722222,90.52250000,03-06-2026 07:00,10
326,Dhaligaon PHE,Assam,18,Assam,281,BONGAIGAON,-,-,-,-,-,-,-,-,-,26.49722222,90.52250000,03-06-2026 18:00,25.4
327,Dhaligaon PHE,Assam,18,Assam,281,BONGAIGAON,-,-,-,-,-,-,-,-,-,26.49722222,90.52250000,03-06-2026 19:00,2.4
328,Dhaligaon PHE,Assam,18,Assam,281,BONGAIGAON,-,-,-,-,-,-,-,-,-,26.49722222,90.52250000,03-06-2026 20:00,1.8
329,Dhaligaon PHE,Assam,18,Assam,281,BONGAIGAON,-,-,-,-,-,-,-,-,-,26.49722222,90.52250000,03-06-2026 21:00,2.6
330,Dhaligaon PHE,Assam,18,Assam,281,BONGAIGAON,-,-,-,-,-,-,-,-,-,26.49722222,90.52250000,03-06-2026 22:00,0.2
331,Dholai Bridge Rukni_1,Assam,18,Assam,282,CACHAR,-,-,-,-,-,-,-,-,-,24.59405500,92.84563000,06-05-2026 22:00,6.8
332,Dholai Bridge Rukni_1,Assam,18,Assam,282,CACHAR,-,-,-,-,-,-,-,-,-,24.59405500,92.84563000,06-05-2026 23:00,0.6
333,Dholai Bridge Rukni_1,Assam,18,Assam,282,CACHAR,-,-,-,-,-,-,-,-,-,24.59405500,92.84563000,07-05-2026 00:00,0.2
334,Dholai Bridge Rukni_1,Assam,18,Assam,282,CACHAR,-,-,-,-,-,-,-,-,-,24.59405500,92.84563000,07-05-2026 01:00,0.2
335,Dholai Bridge Rukni_1,Assam,18,Assam,282,CACHAR,-,-,-,-,-,-,-,-,-,24.59405500,92.84563000,07-05-2026 06:00,0.2
336,Dholai Bridge Rukni_1,Assam,18,Assam,282,CACHAR,-,-,-,-,-,-,-,-,-,24.59405500,92.84563000,10-05-2026 20:00,0.8
337,Dholai Bridge Rukni_1,Assam,18,Assam,282,CACHAR,-,-,-,-,-,-,-,-,-,24.59405500,92.84563000,10-05-2026 21:00,0.6
338,Dholai Bridge Rukni_1,Assam,18,Assam,282,CACHAR,-,-,-,-,-,-,-,-,-,24.59405500,92.84563000,11-05-2026 00:00,0.2
339,Dholai Bridge Rukni_1,Assam,18,Assam,282,CACHAR,-,-,-,-,-,-,-,-,-,24.59405500,92.84563000,11-05-2026 01:00,0.2
340,Dholai Bridge Rukni_1,Assam,18,Assam,282,CACHAR,-,-,-,-,-,-,-,-,-,24.59405500,92.84563000,11-05-2026 08:00,0.2
341,Dholai Bridge Rukni_1,Assam,18,Assam,282,CACHAR,-,-,-,-,-,-,-,-,-,24.59405500,92.84563000,13-05-2026 08:00,2.2
342,Dholai Bridge Rukni_1,Assam,18,Assam,282,CACHAR,-,-,-,-,-,-,-,-,-,24.59405500,92.84563000,13-05-2026 09:00,0.2
343,Dholai Bridge Rukni_1,Assam,18,Assam,282,CACHAR,-,-,-,-,-,-,-,-,-,24.59405500,92.84563000,13-05-2026 10:00,0.2
344,Dholai Bridge Rukni_1,Assam,18,Assam,282,CACHAR,-,-,-,-,-,-,-,-,-,24.59405500,92.84563000,14-05-2026 20:00,0.2
345,Dholai Bridge Rukni_1,Assam,18,Assam,282,CACHAR,-,-,-,-,-,-,-,-,-,24.59405500,92.84563000,15-05-2026 06:00,0.4
346,Dholai Bridge Rukni_1,Assam,18,Assam,282,CACHAR,-,-,-,-,-,-,-,-,-,24.59405500,92.84563000,15-05-2026 09:00,0.2
347,Dholai Bridge Rukni_1,Assam,18,Assam,282,CACHAR,-,-,-,-,-,-,-,-,-,24.59405500,92.84563000,15-05-2026 10:00,15.8
348,Dholai Bridge Rukni_1,Assam,18,Assam,282,CACHAR,-,-,-,-,-,-,-,-,-,24.59405500,92.84563000,15-05-2026 11:00,1.4
349,Dholai Bridge Rukni_1,Assam,18,Assam,282,CACHAR,-,-,-,-,-,-,-,-,-,24.59405500,92.84563000,15-05-2026 14:00,5.4
350,Dholai Bridge Rukni_1,Assam,18,Assam,282,CACHAR,-,-,-,-,-,-,-,-,-,24.59405500,92.84563000,15-05-2026 16:00,0.2
351,Dholai Bridge Rukni_1,Assam,18,Assam,282,CACHAR,-,-,-,-,-,-,-,-,-,24.59405500,92.84563000,16-05-2026 08:00,0.8
352,Dholai Bridge Rukni_1,Assam,18,Assam,282,CACHAR,-,-,-,-,-,-,-,-,-,24.59405500,92.84563000,17-05-2026 07:00,7.4
353,Dholai Bridge Rukni_1,Assam,18,Assam,282,CACHAR,-,-,-,-,-,-,-,-,-,24.59405500,92.84563000,19-05-2026 02:00,0.6
354,Dholai Bridge Rukni_1,Assam,18,Assam,282,CACHAR,-,-,-,-,-,-,-,-,-,24.59405500,92.84563000,19-05-2026 03:00,0.6
355,Dholai Bridge Rukni_1,Assam,18,Assam,282,CACHAR,-,-,-,-,-,-,-,-,-,24.59405500,92.84563000,19-05-2026 04:00,1.2
356,Dholai Bridge Rukni_1,Assam,18,Assam,282,CACHAR,-,-,-,-,-,-,-,-,-,24.59405500,92.84563000,19-05-2026 05:00,0.6
357,Dholai Bridge Rukni_1,Assam,18,Assam,282,CACHAR,-,-,-,-,-,-,-,-,-,24.59405500,92.84563000,19-05-2026 06:00,0.8
358,Dholai Bridge Rukni_1,Assam,18,Assam,282,CACHAR,-,-,-,-,-,-,-,-,-,24.59405500,92.84563000,22-05-2026 06:00,2.6
359,Dholai Bridge Rukni_1,Assam,18,Assam,282,CACHAR,-,-,-,-,-,-,-,-,-,24.59405500,92.84563000,22-05-2026 12:00,3.4
360,Dholai Bridge Rukni_1,Assam,18,Assam,282,CACHAR,-,-,-,-,-,-,-,-,-,24.59405500,92.84563000,22-05-2026 16:00,0.2
361,Dholai Bridge Rukni_1,Assam,18,Assam,282,CACHAR,-,-,-,-,-,-,-,-,-,24.59405500,92.84563000,22-05-2026 22:00,0.2
362,Dholai Bridge Rukni_1,Assam,18,Assam,282,CACHAR,-,-,-,-,-,-,-,-,-,24.59405500,92.84563000,22-05-2026 23:00,15.6
363,Dholai Bridge Rukni_1,Assam,18,Assam,282,CACHAR,-,-,-,-,-,-,-,-,-,24.59405500,92.84563000,23-05-2026 00:00,3.4
364,Dholai Bridge Rukni_1,Assam,18,Assam,282,CACHAR,-,-,-,-,-,-,-,-,-,24.59405500,92.84563000,23-05-2026 03:00,2.8
365,Dholai Bridge Rukni_1,Assam,18,Assam,282,CACHAR,-,-,-,-,-,-,-,-,-,24.59405500,92.84563000,23-05-2026 04:00,6.2
366,Dholai Bridge Rukni_1,Assam,18,Assam,282,CACHAR,-,-,-,-,-,-,-,-,-,24.59405500,92.84563000,23-05-2026 05:00,0.2
367,Dholai Bridge Rukni_1,Assam,18,Assam,282,CACHAR,-,-,-,-,-,-,-,-,-,24.59405500,92.84563000,23-05-2026 06:00,2.4
368,Dholai Bridge Rukni_1,Assam,18,Assam,282,CACHAR,-,-,-,-,-,-,-,-,-,24.59405500,92.84563000,23-05-2026 07:00,7.4
369,Dholai Bridge Rukni_1,Assam,18,Assam,282,CACHAR,-,-,-,-,-,-,-,-,-,24.59405500,92.84563000,23-05-2026 08:00,45.4
370,Dholai Bridge Rukni_1,Assam,18,Assam,282,CACHAR,-,-,-,-,-,-,-,-,-,24.59405500,92.84563000,23-05-2026 09:00,2.2
371,Dholai Bridge Rukni_1,Assam,18,Assam,282,CACHAR,-,-,-,-,-,-,-,-,-,24.59405500,92.84563000,23-05-2026 14:00,4.4
372,Dholai Bridge Rukni_1,Assam,18,Assam,282,CACHAR,-,-,-,-,-,-,-,-,-,24.59405500,92.84563000,23-05-2026 15:00,0.2
373,Dholai Bridge Rukni_1,Assam,18,Assam,282,CACHAR,-,-,-,-,-,-,-,-,-,24.59405500,92.84563000,24-05-2026 04:00,4.6
374,Dholai Bridge Rukni_1,Assam,18,Assam,282,CACHAR,-,-,-,-,-,-,-,-,-,24.59405500,92.84563000,24-05-2026 05:00,9.2
375,Dholai Bridge Rukni_1,Assam,18,Assam,282,CACHAR,-,-,-,-,-,-,-,-,-,24.59405500,92.84563000,24-05-2026 06:00,5.2
376,Dholai Bridge Rukni_1,Assam,18,Assam,282,CACHAR,-,-,-,-,-,-,-,-,-,24.59405500,92.84563000,24-05-2026 07:00,3.4
377,Dholai Bridge Rukni_1,Assam,18,Assam,282,CACHAR,-,-,-,-,-,-,-,-,-,24.59405500,92.84563000,24-05-2026 08:00,1.2
378,Dholai Bridge Rukni_1,Assam,18,Assam,282,CACHAR,-,-,-,-,-,-,-,-,-,24.59405500,92.84563000,24-05-2026 09:00,1.4
379,Dholai Bridge Rukni_1,Assam,18,Assam,282,CACHAR,-,-,-,-,-,-,-,-,-,24.59405500,92.84563000,24-05-2026 15:00,0.2
380,Dholai Bridge Rukni_1,Assam,18,Assam,282,CACHAR,-,-,-,-,-,-,-,-,-,24.59405500,92.84563000,25-05-2026 06:00,14.2
381,Dholai Bridge Rukni_1,Assam,18,Assam,282,CACHAR,-,-,-,-,-,-,-,-,-,24.59405500,92.84563000,25-05-2026 14:00,12
382,Dholai Bridge Rukni_1,Assam,18,Assam,282,CACHAR,-,-,-,-,-,-,-,-,-,24.59405500,92.84563000,25-05-2026 15:00,6
383,Dholai Bridge Rukni_1,Assam,18,Assam,282,CACHAR,-,-,-,-,-,-,-,-,-,24.59405500,92.84563000,25-05-2026 16:00,8.6
384,Dholai Bridge Rukni_1,Assam,18,Assam,282,CACHAR,-,-,-,-,-,-,-,-,-,24.59405500,92.84563000,25-05-2026 17:00,0.2
385,Dholai Bridge Rukni_1,Assam,18,Assam,282,CACHAR,-,-,-,-,-,-,-,-,-,24.59405500,92.84563000,26-05-2026 07:00,11.2
386,Dholai Bridge Rukni_1,Assam,18,Assam,282,CACHAR,-,-,-,-,-,-,-,-,-,24.59405500,92.84563000,26-05-2026 08:00,0.2
387,Dholai Bridge Rukni_1,Assam,18,Assam,282,CACHAR,-,-,-,-,-,-,-,-,-,24.59405500,92.84563000,26-05-2026 15:00,4.8
388,Dholai Bridge Rukni_1,Assam,18,Assam,282,CACHAR,-,-,-,-,-,-,-,-,-,24.59405500,92.84563000,26-05-2026 16:00,3.4
389,Dholai Bridge Rukni_1,Assam,18,Assam,282,CACHAR,-,-,-,-,-,-,-,-,-,24.59405500,92.84563000,27-05-2026 14:00,0.2
390,Dholai Bridge Rukni_1,Assam,18,Assam,282,CACHAR,-,-,-,-,-,-,-,-,-,24.59405500,92.84563000,27-05-2026 15:00,0.4
391,Dholai Bridge Rukni_1,Assam,18,Assam,282,CACHAR,-,-,-,-,-,-,-,-,-,24.59405500,92.84563000,28-05-2026 06:00,1.6
392,Dholai Bridge Rukni_1,Assam,18,Assam,282,CACHAR,-,-,-,-,-,-,-,-,-,24.59405500,92.84563000,28-05-2026 07:00,0.2
393,Dholai Bridge Rukni_1,Assam,18,Assam,282,CACHAR,-,-,-,-,-,-,-,-,-,24.59405500,92.84563000,28-05-2026 12:00,0.2
394,Dholai Bridge Rukni_1,Assam,18,Assam,282,CACHAR,-,-,-,-,-,-,-,-,-,24.59405500,92.84563000,30-05-2026 17:00,1.2
395,Dholai Bridge Rukni_1,Assam,18,Assam,282,CACHAR,-,-,-,-,-,-,-,-,-,24.59405500,92.84563000,30-05-2026 20:00,0.2
396,Dholai Bridge Rukni_1,Assam,18,Assam,282,CACHAR,-,-,-,-,-,-,-,-,-,24.59405500,92.84563000,31-05-2026 05:00,0.2
397,Dholai Bridge Rukni_1,Assam,18,Assam,282,CACHAR,-,-,-,-,-,-,-,-,-,24.59405500,92.84563000,31-05-2026 20:00,3
398,Dholai Bridge Rukni_1,Assam,18,Assam,282,CACHAR,-,-,-,-,-,-,-,-,-,24.59405500,92.84563000,01-06-2026 01:00,0.8
399,Dholai Bridge Rukni_1,Assam,18,Assam,282,CACHAR,-,-,-,-,-,-,-,-,-,24.59405500,92.84563000,01-06-2026 02:00,3.2
400,Dholai Bridge Rukni_1,Assam,18,Assam,282,CACHAR,-,-,-,-,-,-,-,-,-,24.59405500,92.84563000,01-06-2026 04:00,0.2
401,Dholai Bridge Rukni_1,Assam,18,Assam,282,CACHAR,-,-,-,-,-,-,-,-,-,24.59405500,92.84563000,01-06-2026 05:00,1.2
402,Dholai Bridge Rukni_1,Assam,18,Assam,282,CACHAR,-,-,-,-,-,-,-,-,-,24.59405500,92.84563000,01-06-2026 06:00,1
403,Dholai Bridge Rukni_1,Assam,18,Assam,282,CACHAR,-,-,-,-,-,-,-,-,-,24.59405500,92.84563000,02-06-2026 04:00,0.2
404,Dholai Bridge Rukni_1,Assam,18,Assam,282,CACHAR,-,-,-,-,-,-,-,-,-,24.59405500,92.84563000,02-06-2026 05:00,10.4
405,Dholai Bridge Rukni_1,Assam,18,Assam,282,CACHAR,-,-,-,-,-,-,-,-,-,24.59405500,92.84563000,02-06-2026 06:00,27.8
406,Dholai Bridge Rukni_1,Assam,18,Assam,282,CACHAR,-,-,-,-,-,-,-,-,-,24.59405500,92.84563000,02-06-2026 07:00,0.6
407,Dholai Bridge Rukni_1,Assam,18,Assam,282,CACHAR,-,-,-,-,-,-,-,-,-,24.59405500,92.84563000,02-06-2026 12:00,1
408,Dholai Bridge Rukni_1,Assam,18,Assam,282,CACHAR,-,-,-,-,-,-,-,-,-,24.59405500,92.84563000,03-06-2026 02:00,4.8
409,Dholai Bridge Rukni_1,Assam,18,Assam,282,CACHAR,-,-,-,-,-,-,-,-,-,24.59405500,92.84563000,03-06-2026 03:00,6.8
410,Dholai Bridge Rukni_1,Assam,18,Assam,282,CACHAR,-,-,-,-,-,-,-,-,-,24.59405500,92.84563000,03-06-2026 04:00,2.4
411,Dholai Bridge Rukni_1,Assam,18,Assam,282,CACHAR,-,-,-,-,-,-,-,-,-,24.59405500,92.84563000,03-06-2026 05:00,1.8
412,Dholai Bridge Rukni_1,Assam,18,Assam,282,CACHAR,-,-,-,-,-,-,-,-,-,24.59405500,92.84563000,03-06-2026 06:00,1.4
413,Dholai Bridge Rukni_1,Assam,18,Assam,282,CACHAR,-,-,-,-,-,-,-,-,-,24.59405500,92.84563000,03-06-2026 07:00,1
414,Dholai Bridge Rukni_1,Assam,18,Assam,282,CACHAR,-,-,-,-,-,-,-,-,-,24.59405500,92.84563000,03-06-2026 08:00,0.4
415,Diphu Water Resources,Assam,18,Assam,292,KARBI ANGLONG,-,-,-,-,-,-,-,-,-,25.83519400,93.41921600,16-05-2026 07:00,1.5
416,Diphu Water Resources,Assam,18,Assam,292,KARBI ANGLONG,-,-,-,-,-,-,-,-,-,25.83519400,93.41921600,21-05-2026 20:00,1
417,Diphu Water Resources,Assam,18,Assam,292,KARBI ANGLONG,-,-,-,-,-,-,-,-,-,25.83519400,93.41921600,23-05-2026 14:00,0.5
418,Diphu Water Resources,Assam,18,Assam,292,KARBI ANGLONG,-,-,-,-,-,-,-,-,-,25.83519400,93.41921600,25-05-2026 14:00,0.5
419,Diphu Water Resources,Assam,18,Assam,292,KARBI ANGLONG,-,-,-,-,-,-,-,-,-,25.83519400,93.41921600,31-05-2026 09:00,0.5
420,Diphu Water Resources,Assam,18,Assam,292,KARBI ANGLONG,-,-,-,-,-,-,-,-,-,25.83519400,93.41921600,01-06-2026 02:00,18.5
421,Diphu Water Resources,Assam,18,Assam,292,KARBI ANGLONG,-,-,-,-,-,-,-,-,-,25.83519400,93.41921600,01-06-2026 03:00,10
422,Goroiari,Assam,18,Assam,618,Kamrup Metropolitan,-,-,-,-,-,-,-,-,-,26.02748400,91.48247800,16-05-2026 09:00,2.5
423,Goroiari,Assam,18,Assam,618,Kamrup Metropolitan,-,-,-,-,-,-,-,-,-,26.02748400,91.48247800,16-05-2026 10:00,4
424,Goroiari,Assam,18,Assam,618,Kamrup Metropolitan,-,-,-,-,-,-,-,-,-,26.02748400,91.48247800,16-05-2026 11:00,6
425,Goroiari,Assam,18,Assam,618,Kamrup Metropolitan,-,-,-,-,-,-,-,-,-,26.02748400,91.48247800,16-05-2026 12:00,5.5
426,Goroiari,Assam,18,Assam,618,Kamrup Metropolitan,-,-,-,-,-,-,-,-,-,26.02748400,91.48247800,16-05-2026 14:00,5
427,Goroiari,Assam,18,Assam,618,Kamrup Metropolitan,-,-,-,-,-,-,-,-,-,26.02748400,91.48247800,16-05-2026 18:00,3.5
428,Goroiari,Assam,18,Assam,618,Kamrup Metropolitan,-,-,-,-,-,-,-,-,-,26.02748400,91.48247800,16-05-2026 19:00,3
429,Goroiari,Assam,18,Assam,618,Kamrup Metropolitan,-,-,-,-,-,-,-,-,-,26.02748400,91.48247800,16-05-2026 20:00,3
430,Goroiari,Assam,18,Assam,618,Kamrup Metropolitan,-,-,-,-,-,-,-,-,-,26.02748400,91.48247800,16-05-2026 21:00,2.5
431,Goroiari,Assam,18,Assam,618,Kamrup Metropolitan,-,-,-,-,-,-,-,-,-,26.02748400,91.48247800,16-05-2026 22:00,2
432,Goroiari,Assam,18,Assam,618,Kamrup Metropolitan,-,-,-,-,-,-,-,-,-,26.02748400,91.48247800,16-05-2026 23:00,2
433,Goroiari,Assam,18,Assam,618,Kamrup Metropolitan,-,-,-,-,-,-,-,-,-,26.02748400,91.48247800,17-05-2026 00:00,1
434,Goroiari,Assam,18,Assam,618,Kamrup Metropolitan,-,-,-,-,-,-,-,-,-,26.02748400,91.48247800,17-05-2026 05:00,1
435,Goroiari,Assam,18,Assam,618,Kamrup Metropolitan,-,-,-,-,-,-,-,-,-,26.02748400,91.48247800,17-05-2026 06:00,0.5
436,Goroiari,Assam,18,Assam,618,Kamrup Metropolitan,-,-,-,-,-,-,-,-,-,26.02748400,91.48247800,17-05-2026 07:00,1
437,Goroiari,Assam,18,Assam,618,Kamrup Metropolitan,-,-,-,-,-,-,-,-,-,26.02748400,91.48247800,17-05-2026 08:00,0.5
438,Goroiari,Assam,18,Assam,618,Kamrup Metropolitan,-,-,-,-,-,-,-,-,-,26.02748400,91.48247800,25-05-2026 04:00,0.5
439,Goroiari,Assam,18,Assam,618,Kamrup Metropolitan,-,-,-,-,-,-,-,-,-,26.02748400,91.48247800,25-05-2026 06:00,0.5
440,Kalitakuchi PHE,Assam,18,Assam,618,Kamrup Metropolitan,-,-,-,-,-,-,-,-,-,26.27055556,91.51305556,29-04-2026 02:00,4
441,Kalitakuchi PHE,Assam,18,Assam,618,Kamrup Metropolitan,-,-,-,-,-,-,-,-,-,26.27055556,91.51305556,29-04-2026 09:00,11.2
442,Kalitakuchi PHE,Assam,18,Assam,618,Kamrup Metropolitan,-,-,-,-,-,-,-,-,-,26.27055556,91.51305556,29-04-2026 10:00,8.2
443,Kalitakuchi PHE,Assam,18,Assam,618,Kamrup Metropolitan,-,-,-,-,-,-,-,-,-,26.27055556,91.51305556,29-04-2026 11:00,0.4
444,Kalitakuchi PHE,Assam,18,Assam,618,Kamrup Metropolitan,-,-,-,-,-,-,-,-,-,26.27055556,91.51305556,29-04-2026 12:00,1.4
445,Kalitakuchi PHE,Assam,18,Assam,618,Kamrup Metropolitan,-,-,-,-,-,-,-,-,-,26.27055556,91.51305556,29-04-2026 13:00,0.2
446,Kalitakuchi PHE,Assam,18,Assam,618,Kamrup Metropolitan,-,-,-,-,-,-,-,-,-,26.27055556,91.51305556,30-04-2026 02:00,8.8
447,Kalitakuchi PHE,Assam,18,Assam,618,Kamrup Metropolitan,-,-,-,-,-,-,-,-,-,26.27055556,91.51305556,30-04-2026 03:00,14
448,Kalitakuchi PHE,Assam,18,Assam,618,Kamrup Metropolitan,-,-,-,-,-,-,-,-,-,26.27055556,91.51305556,01-06-2026 12:15,9
449,Kolong IB office,Assam,18,Assam,618,Kamrup Metropolitan,-,-,-,-,-,-,-,-,-,26.20101800,92.01668700,06-05-2026 13:00,6553.5
450,Kolong IB office,Assam,18,Assam,618,Kamrup Metropolitan,-,-,-,-,-,-,-,-,-,26.20101800,92.01668700,06-05-2026 14:00,6553.5
451,Kolong IB office,Assam,18,Assam,618,Kamrup Metropolitan,-,-,-,-,-,-,-,-,-,26.20101800,92.01668700,06-05-2026 15:00,6553.5
452,Kolong IB office,Assam,18,Assam,618,Kamrup Metropolitan,-,-,-,-,-,-,-,-,-,26.20101800,92.01668700,06-05-2026 16:00,6553.5
453,Kolong IB office,Assam,18,Assam,618,Kamrup Metropolitan,-,-,-,-,-,-,-,-,-,26.20101800,92.01668700,06-05-2026 17:00,6553.5
454,Kolong IB office,Assam,18,Assam,618,Kamrup Metropolitan,-,-,-,-,-,-,-,-,-,26.20101800,92.01668700,06-05-2026 18:00,6553.5
455,Kolong IB office,Assam,18,Assam,618,Kamrup Metropolitan,-,-,-,-,-,-,-,-,-,26.20101800,92.01668700,06-05-2026 19:00,6553.5
456,Kolong IB office,Assam,18,Assam,618,Kamrup Metropolitan,-,-,-,-,-,-,-,-,-,26.20101800,92.01668700,06-05-2026 20:00,6553.5
457,Kolong IB office,Assam,18,Assam,618,Kamrup Metropolitan,-,-,-,-,-,-,-,-,-,26.20101800,92.01668700,06-05-2026 21:00,6553.5
458,Kolong IB office,Assam,18,Assam,618,Kamrup Metropolitan,-,-,-,-,-,-,-,-,-,26.20101800,92.01668700,06-05-2026 22:00,6553.5
459,Kolong IB office,Assam,18,Assam,618,Kamrup Metropolitan,-,-,-,-,-,-,-,-,-,26.20101800,92.01668700,06-05-2026 23:00,6553.5
460,Kolong IB office,Assam,18,Assam,618,Kamrup Metropolitan,-,-,-,-,-,-,-,-,-,26.20101800,92.01668700,07-05-2026 00:00,6553.5
461,Kolong IB office,Assam,18,Assam,618,Kamrup Metropolitan,-,-,-,-,-,-,-,-,-,26.20101800,92.01668700,07-05-2026 01:00,6553.5
462,Kolong IB office,Assam,18,Assam,618,Kamrup Metropolitan,-,-,-,-,-,-,-,-,-,26.20101800,92.01668700,07-05-2026 02:00,6553.5
463,Kolong IB office,Assam,18,Assam,618,Kamrup Metropolitan,-,-,-,-,-,-,-,-,-,26.20101800,92.01668700,07-05-2026 03:00,6553.5
464,Kolong IB office,Assam,18,Assam,618,Kamrup Metropolitan,-,-,-,-,-,-,-,-,-,26.20101800,92.01668700,07-05-2026 04:00,6553.5
465,Kolong IB office,Assam,18,Assam,618,Kamrup Metropolitan,-,-,-,-,-,-,-,-,-,26.20101800,92.01668700,07-05-2026 05:00,6553.5
466,Kolong IB office,Assam,18,Assam,618,Kamrup Metropolitan,-,-,-,-,-,-,-,-,-,26.20101800,92.01668700,07-05-2026 06:00,6553.5
467,Kolong IB office,Assam,18,Assam,618,Kamrup Metropolitan,-,-,-,-,-,-,-,-,-,26.20101800,92.01668700,07-05-2026 07:00,6553.5
468,Kolong IB office,Assam,18,Assam,618,Kamrup Metropolitan,-,-,-,-,-,-,-,-,-,26.20101800,92.01668700,07-05-2026 08:00,6553.5
469,Kolong IB office,Assam,18,Assam,618,Kamrup Metropolitan,-,-,-,-,-,-,-,-,-,26.20101800,92.01668700,07-05-2026 09:00,6553.5
470,Kolong IB office,Assam,18,Assam,618,Kamrup Metropolitan,-,-,-,-,-,-,-,-,-,26.20101800,92.01668700,07-05-2026 10:00,6553.5
471,Kolong IB office,Assam,18,Assam,618,Kamrup Metropolitan,-,-,-,-,-,-,-,-,-,26.20101800,92.01668700,07-05-2026 11:00,6553.5
472,Kolong IB office,Assam,18,Assam,618,Kamrup Metropolitan,-,-,-,-,-,-,-,-,-,26.20101800,92.01668700,07-05-2026 12:00,6553.5
473,Kolong IB office,Assam,18,Assam,618,Kamrup Metropolitan,-,-,-,-,-,-,-,-,-,26.20101800,92.01668700,07-05-2026 13:00,6553.5
474,Kolong IB office,Assam,18,Assam,618,Kamrup Metropolitan,-,-,-,-,-,-,-,-,-,26.20101800,92.01668700,07-05-2026 14:00,6553.5
475,Kolong IB office,Assam,18,Assam,618,Kamrup Metropolitan,-,-,-,-,-,-,-,-,-,26.20101800,92.01668700,07-05-2026 15:00,6553.5
476,Kolong IB office,Assam,18,Assam,618,Kamrup Metropolitan,-,-,-,-,-,-,-,-,-,26.20101800,92.01668700,07-05-2026 17:00,0.2
477,Kolong IB office,Assam,18,Assam,618,Kamrup Metropolitan,-,-,-,-,-,-,-,-,-,26.20101800,92.01668700,10-05-2026 16:00,0.4
478,Kolong IB office,Assam,18,Assam,618,Kamrup Metropolitan,-,-,-,-,-,-,-,-,-,26.20101800,92.01668700,10-05-2026 17:00,0.6
479,Kolong IB office,Assam,18,Assam,618,Kamrup Metropolitan,-,-,-,-,-,-,-,-,-,26.20101800,92.01668700,11-05-2026 03:00,0.2
480,Kolong IB office,Assam,18,Assam,618,Kamrup Metropolitan,-,-,-,-,-,-,-,-,-,26.20101800,92.01668700,11-05-2026 05:00,0.2
481,Kolong IB office,Assam,18,Assam,618,Kamrup Metropolitan,-,-,-,-,-,-,-,-,-,26.20101800,92.01668700,11-05-2026 06:00,0.8
482,Kolong IB office,Assam,18,Assam,618,Kamrup Metropolitan,-,-,-,-,-,-,-,-,-,26.20101800,92.01668700,11-05-2026 07:00,0.2
483,Kolong IB office,Assam,18,Assam,618,Kamrup Metropolitan,-,-,-,-,-,-,-,-,-,26.20101800,92.01668700,11-05-2026 16:00,0.8
484,Kolong IB office,Assam,18,Assam,618,Kamrup Metropolitan,-,-,-,-,-,-,-,-,-,26.20101800,92.01668700,15-05-2026 06:00,3.4
485,Kolong IB office,Assam,18,Assam,618,Kamrup Metropolitan,-,-,-,-,-,-,-,-,-,26.20101800,92.01668700,16-05-2026 01:00,0.2
486,Kolong IB office,Assam,18,Assam,618,Kamrup Metropolitan,-,-,-,-,-,-,-,-,-,26.20101800,92.01668700,16-05-2026 04:00,2.4
487,Kolong IB office,Assam,18,Assam,618,Kamrup Metropolitan,-,-,-,-,-,-,-,-,-,26.20101800,92.01668700,16-05-2026 05:00,0.8
488,Kolong IB office,Assam,18,Assam,618,Kamrup Metropolitan,-,-,-,-,-,-,-,-,-,26.20101800,92.01668700,16-05-2026 12:00,2
489,Kolong IB office,Assam,18,Assam,618,Kamrup Metropolitan,-,-,-,-,-,-,-,-,-,26.20101800,92.01668700,17-05-2026 04:00,0.2
490,Kolong IB office,Assam,18,Assam,618,Kamrup Metropolitan,-,-,-,-,-,-,-,-,-,26.20101800,92.01668700,17-05-2026 05:00,1.4
491,Kolong IB office,Assam,18,Assam,618,Kamrup Metropolitan,-,-,-,-,-,-,-,-,-,26.20101800,92.01668700,18-05-2026 05:00,0.2
492,Kolong IB office,Assam,18,Assam,618,Kamrup Metropolitan,-,-,-,-,-,-,-,-,-,26.20101800,92.01668700,18-05-2026 23:00,0.2
493,Kolong IB office,Assam,18,Assam,618,Kamrup Metropolitan,-,-,-,-,-,-,-,-,-,26.20101800,92.01668700,19-05-2026 01:00,2
494,Kolong IB office,Assam,18,Assam,618,Kamrup Metropolitan,-,-,-,-,-,-,-,-,-,26.20101800,92.01668700,21-05-2026 16:00,11.4
495,Kolong IB office,Assam,18,Assam,618,Kamrup Metropolitan,-,-,-,-,-,-,-,-,-,26.20101800,92.01668700,21-05-2026 17:00,5.6
496,Kolong IB office,Assam,18,Assam,618,Kamrup Metropolitan,-,-,-,-,-,-,-,-,-,26.20101800,92.01668700,21-05-2026 18:00,0.8
497,Kolong IB office,Assam,18,Assam,618,Kamrup Metropolitan,-,-,-,-,-,-,-,-,-,26.20101800,92.01668700,22-05-2026 07:00,0.2
498,Kolong IB office,Assam,18,Assam,618,Kamrup Metropolitan,-,-,-,-,-,-,-,-,-,26.20101800,92.01668700,23-05-2026 00:00,0.4
499,Kolong IB office,Assam,18,Assam,618,Kamrup Metropolitan,-,-,-,-,-,-,-,-,-,26.20101800,92.01668700,23-05-2026 01:00,3
500,Kolong IB office,Assam,18,Assam,618,Kamrup Metropolitan,-,-,-,-,-,-,-,-,-,26.20101800,92.01668700,23-05-2026 05:00,0.8
501,Kolong IB office,Assam,18,Assam,618,Kamrup Metropolitan,-,-,-,-,-,-,-,-,-,26.20101800,92.01668700,23-05-2026 06:00,0.8
502,Kolong IB office,Assam,18,Assam,618,Kamrup Metropolitan,-,-,-,-,-,-,-,-,-,26.20101800,92.01668700,23-05-2026 07:00,0.2
503,Kolong IB office,Assam,18,Assam,618,Kamrup Metropolitan,-,-,-,-,-,-,-,-,-,26.20101800,92.01668700,23-05-2026 11:00,5.8
504,Kolong IB office,Assam,18,Assam,618,Kamrup Metropolitan,-,-,-,-,-,-,-,-,-,26.20101800,92.01668700,23-05-2026 12:00,0.6
505,Kolong IB office,Assam,18,Assam,618,Kamrup Metropolitan,-,-,-,-,-,-,-,-,-,26.20101800,92.01668700,24-05-2026 00:00,10.2
506,Kolong IB office,Assam,18,Assam,618,Kamrup Metropolitan,-,-,-,-,-,-,-,-,-,26.20101800,92.01668700,24-05-2026 01:00,1.4
507,Kolong IB office,Assam,18,Assam,618,Kamrup Metropolitan,-,-,-,-,-,-,-,-,-,26.20101800,92.01668700,24-05-2026 02:00,0.2
508,Kolong IB office,Assam,18,Assam,618,Kamrup Metropolitan,-,-,-,-,-,-,-,-,-,26.20101800,92.01668700,24-05-2026 07:00,1.4
509,Kolong IB office,Assam,18,Assam,618,Kamrup Metropolitan,-,-,-,-,-,-,-,-,-,26.20101800,92.01668700,24-05-2026 08:00,1.2
510,Kolong IB office,Assam,18,Assam,618,Kamrup Metropolitan,-,-,-,-,-,-,-,-,-,26.20101800,92.01668700,25-05-2026 00:00,10.8
511,Kolong IB office,Assam,18,Assam,618,Kamrup Metropolitan,-,-,-,-,-,-,-,-,-,26.20101800,92.01668700,25-05-2026 01:00,0.4
512,Kolong IB office,Assam,18,Assam,618,Kamrup Metropolitan,-,-,-,-,-,-,-,-,-,26.20101800,92.01668700,25-05-2026 02:00,0.2
513,Kolong IB office,Assam,18,Assam,618,Kamrup Metropolitan,-,-,-,-,-,-,-,-,-,26.20101800,92.01668700,25-05-2026 11:00,1.6
514,Kolong IB office,Assam,18,Assam,618,Kamrup Metropolitan,-,-,-,-,-,-,-,-,-,26.20101800,92.01668700,25-05-2026 12:00,3.4
515,Kolong IB office,Assam,18,Assam,618,Kamrup Metropolitan,-,-,-,-,-,-,-,-,-,26.20101800,92.01668700,25-05-2026 13:00,0.2
516,Kolong IB office,Assam,18,Assam,618,Kamrup Metropolitan,-,-,-,-,-,-,-,-,-,26.20101800,92.01668700,25-05-2026 16:00,0.2
517,Kolong IB office,Assam,18,Assam,618,Kamrup Metropolitan,-,-,-,-,-,-,-,-,-,26.20101800,92.01668700,26-05-2026 00:00,5
518,Kolong IB office,Assam,18,Assam,618,Kamrup Metropolitan,-,-,-,-,-,-,-,-,-,26.20101800,92.01668700,26-05-2026 01:00,0.4
519,Kolong IB office,Assam,18,Assam,618,Kamrup Metropolitan,-,-,-,-,-,-,-,-,-,26.20101800,92.01668700,26-05-2026 02:00,0.8
520,Kolong IB office,Assam,18,Assam,618,Kamrup Metropolitan,-,-,-,-,-,-,-,-,-,26.20101800,92.01668700,26-05-2026 03:00,2
521,Kolong IB office,Assam,18,Assam,618,Kamrup Metropolitan,-,-,-,-,-,-,-,-,-,26.20101800,92.01668700,26-05-2026 07:00,0.2
522,Kolong IB office,Assam,18,Assam,618,Kamrup Metropolitan,-,-,-,-,-,-,-,-,-,26.20101800,92.01668700,26-05-2026 08:00,0.2
523,Kolong IB office,Assam,18,Assam,618,Kamrup Metropolitan,-,-,-,-,-,-,-,-,-,26.20101800,92.01668700,31-05-2026 10:00,9.4
524,Kolong IB office,Assam,18,Assam,618,Kamrup Metropolitan,-,-,-,-,-,-,-,-,-,26.20101800,92.01668700,31-05-2026 11:00,1.2
525,Morigaon_1,Assam,18,Assam,280,BARPETA,-,-,-,-,-,-,-,-,-,26.51312000,91.26476000,15-05-2026 11:00,1
526,Morigaon_1,Assam,18,Assam,280,BARPETA,-,-,-,-,-,-,-,-,-,26.51312000,91.26476000,15-05-2026 12:00,2
527,Morigaon_1,Assam,18,Assam,280,BARPETA,-,-,-,-,-,-,-,-,-,26.51312000,91.26476000,15-05-2026 23:00,0.2
528,Morigaon_1,Assam,18,Assam,280,BARPETA,-,-,-,-,-,-,-,-,-,26.51312000,91.26476000,16-05-2026 06:00,4.4
529,Morigaon_1,Assam,18,Assam,280,BARPETA,-,-,-,-,-,-,-,-,-,26.51312000,91.26476000,16-05-2026 07:00,1.8
530,Morigaon_1,Assam,18,Assam,280,BARPETA,-,-,-,-,-,-,-,-,-,26.51312000,91.26476000,16-05-2026 08:00,0.4
531,Morigaon_1,Assam,18,Assam,280,BARPETA,-,-,-,-,-,-,-,-,-,26.51312000,91.26476000,16-05-2026 09:00,0.8
532,Morigaon_1,Assam,18,Assam,280,BARPETA,-,-,-,-,-,-,-,-,-,26.51312000,91.26476000,16-05-2026 10:00,0.6
533,Morigaon_1,Assam,18,Assam,280,BARPETA,-,-,-,-,-,-,-,-,-,26.51312000,91.26476000,16-05-2026 12:00,0.2
534,Morigaon_1,Assam,18,Assam,280,BARPETA,-,-,-,-,-,-,-,-,-,26.51312000,91.26476000,16-05-2026 17:00,3.6
535,Morigaon_1,Assam,18,Assam,280,BARPETA,-,-,-,-,-,-,-,-,-,26.51312000,91.26476000,16-05-2026 18:00,4.2
536,Morigaon_1,Assam,18,Assam,280,BARPETA,-,-,-,-,-,-,-,-,-,26.51312000,91.26476000,17-05-2026 05:00,2.4
537,Morigaon_1,Assam,18,Assam,280,BARPETA,-,-,-,-,-,-,-,-,-,26.51312000,91.26476000,17-05-2026 10:00,15.2
538,Morigaon_1,Assam,18,Assam,280,BARPETA,-,-,-,-,-,-,-,-,-,26.51312000,91.26476000,17-05-2026 11:00,0.2
539,Nagarbera Circle Office,Assam,18,Assam,618,Kamrup Metropolitan,-,-,-,-,-,-,-,-,-,26.10845000,91.00605000,13-05-2026 04:45,0.6
540,Nagarbera Circle Office,Assam,18,Assam,618,Kamrup Metropolitan,-,-,-,-,-,-,-,-,-,26.10845000,91.00605000,13-05-2026 05:00,0.8
541,Nagarbera Circle Office,Assam,18,Assam,618,Kamrup Metropolitan,-,-,-,-,-,-,-,-,-,26.10845000,91.00605000,13-05-2026 05:30,1
542,Nagarbera Circle Office,Assam,18,Assam,618,Kamrup Metropolitan,-,-,-,-,-,-,-,-,-,26.10845000,91.00605000,13-05-2026 05:45,3
543,Nagarbera Circle Office,Assam,18,Assam,618,Kamrup Metropolitan,-,-,-,-,-,-,-,-,-,26.10845000,91.00605000,13-05-2026 06:00,3.2
544,Nagarbera Circle Office,Assam,18,Assam,618,Kamrup Metropolitan,-,-,-,-,-,-,-,-,-,26.10845000,91.00605000,13-05-2026 07:30,0.2
545,Nagarbera Circle Office,Assam,18,Assam,618,Kamrup Metropolitan,-,-,-,-,-,-,-,-,-,26.10845000,91.00605000,13-05-2026 07:45,0.2
546,Nagarbera Circle Office,Assam,18,Assam,618,Kamrup Metropolitan,-,-,-,-,-,-,-,-,-,26.10845000,91.00605000,13-05-2026 08:00,0.2
547,Nagarbera Circle Office,Assam,18,Assam,618,Kamrup Metropolitan,-,-,-,-,-,-,-,-,-,26.10845000,91.00605000,13-05-2026 09:30,0.2
548,Nagarbera Circle Office,Assam,18,Assam,618,Kamrup Metropolitan,-,-,-,-,-,-,-,-,-,26.10845000,91.00605000,13-05-2026 09:45,0.2
549,Nagarbera Circle Office,Assam,18,Assam,618,Kamrup Metropolitan,-,-,-,-,-,-,-,-,-,26.10845000,91.00605000,13-05-2026 10:00,0.2
550,Nagarbera Circle Office,Assam,18,Assam,618,Kamrup Metropolitan,-,-,-,-,-,-,-,-,-,26.10845000,91.00605000,13-05-2026 10:30,0.2
551,Nagarbera Circle Office,Assam,18,Assam,618,Kamrup Metropolitan,-,-,-,-,-,-,-,-,-,26.10845000,91.00605000,13-05-2026 10:45,0.4
552,Nagarbera Circle Office,Assam,18,Assam,618,Kamrup Metropolitan,-,-,-,-,-,-,-,-,-,26.10845000,91.00605000,13-05-2026 11:00,0.4
553,Nagarbera Circle Office,Assam,18,Assam,618,Kamrup Metropolitan,-,-,-,-,-,-,-,-,-,26.10845000,91.00605000,13-05-2026 12:30,0.2
554,Nagarbera Circle Office,Assam,18,Assam,618,Kamrup Metropolitan,-,-,-,-,-,-,-,-,-,26.10845000,91.00605000,13-05-2026 12:45,0.2
555,Nagarbera Circle Office,Assam,18,Assam,618,Kamrup Metropolitan,-,-,-,-,-,-,-,-,-,26.10845000,91.00605000,13-05-2026 13:00,0.2
556,Nagarbera Circle Office,Assam,18,Assam,618,Kamrup Metropolitan,-,-,-,-,-,-,-,-,-,26.10845000,91.00605000,14-05-2026 02:00,0.2
557,Nagarbera Circle Office,Assam,18,Assam,618,Kamrup Metropolitan,-,-,-,-,-,-,-,-,-,26.10845000,91.00605000,14-05-2026 04:00,0.4
558,Nagarbera Circle Office,Assam,18,Assam,618,Kamrup Metropolitan,-,-,-,-,-,-,-,-,-,26.10845000,91.00605000,14-05-2026 04:15,1.6
559,Nagarbera Circle Office,Assam,18,Assam,618,Kamrup Metropolitan,-,-,-,-,-,-,-,-,-,26.10845000,91.00605000,14-05-2026 04:30,8.2
560,Nagarbera Circle Office,Assam,18,Assam,618,Kamrup Metropolitan,-,-,-,-,-,-,-,-,-,26.10845000,91.00605000,14-05-2026 04:45,8.2
561,Nagarbera Circle Office,Assam,18,Assam,618,Kamrup Metropolitan,-,-,-,-,-,-,-,-,-,26.10845000,91.00605000,14-05-2026 05:00,8.2
562,Nagarbera Circle Office,Assam,18,Assam,618,Kamrup Metropolitan,-,-,-,-,-,-,-,-,-,26.10845000,91.00605000,14-05-2026 05:15,0.2
563,Nagarbera Circle Office,Assam,18,Assam,618,Kamrup Metropolitan,-,-,-,-,-,-,-,-,-,26.10845000,91.00605000,14-05-2026 05:30,0.4
564,Nagarbera Circle Office,Assam,18,Assam,618,Kamrup Metropolitan,-,-,-,-,-,-,-,-,-,26.10845000,91.00605000,14-05-2026 05:45,0.4
565,Nagarbera Circle Office,Assam,18,Assam,618,Kamrup Metropolitan,-,-,-,-,-,-,-,-,-,26.10845000,91.00605000,14-05-2026 06:00,0.4
566,Nagarbera Circle Office,Assam,18,Assam,618,Kamrup Metropolitan,-,-,-,-,-,-,-,-,-,26.10845000,91.00605000,14-05-2026 06:30,0.2
567,Nagarbera Circle Office,Assam,18,Assam,618,Kamrup Metropolitan,-,-,-,-,-,-,-,-,-,26.10845000,91.00605000,14-05-2026 06:45,0.2
568,Nagarbera Circle Office,Assam,18,Assam,618,Kamrup Metropolitan,-,-,-,-,-,-,-,-,-,26.10845000,91.00605000,14-05-2026 07:00,0.2
569,Nagarbera Circle Office,Assam,18,Assam,618,Kamrup Metropolitan,-,-,-,-,-,-,-,-,-,26.10845000,91.00605000,14-05-2026 07:30,0.2
570,Nagarbera Circle Office,Assam,18,Assam,618,Kamrup Metropolitan,-,-,-,-,-,-,-,-,-,26.10845000,91.00605000,14-05-2026 07:45,0.4
571,Nagarbera Circle Office,Assam,18,Assam,618,Kamrup Metropolitan,-,-,-,-,-,-,-,-,-,26.10845000,91.00605000,14-05-2026 08:00,0.4
572,Nagarbera Circle Office,Assam,18,Assam,618,Kamrup Metropolitan,-,-,-,-,-,-,-,-,-,26.10845000,91.00605000,14-05-2026 19:30,0.2
573,Nagarbera Circle Office,Assam,18,Assam,618,Kamrup Metropolitan,-,-,-,-,-,-,-,-,-,26.10845000,91.00605000,14-05-2026 19:45,0.2
574,Nagarbera Circle Office,Assam,18,Assam,618,Kamrup Metropolitan,-,-,-,-,-,-,-,-,-,26.10845000,91.00605000,14-05-2026 20:00,0.2
575,Nagarbera Circle Office,Assam,18,Assam,618,Kamrup Metropolitan,-,-,-,-,-,-,-,-,-,26.10845000,91.00605000,15-05-2026 09:00,1
576,Nagarbera Circle Office,Assam,18,Assam,618,Kamrup Metropolitan,-,-,-,-,-,-,-,-,-,26.10845000,91.00605000,15-05-2026 21:45,1.6
577,Nagarbera Circle Office,Assam,18,Assam,618,Kamrup Metropolitan,-,-,-,-,-,-,-,-,-,26.10845000,91.00605000,16-05-2026 00:15,2.8
578,Nagarbera Circle Office,Assam,18,Assam,618,Kamrup Metropolitan,-,-,-,-,-,-,-,-,-,26.10845000,91.00605000,16-05-2026 00:45,24.4
579,Nagarbera Circle Office,Assam,18,Assam,618,Kamrup Metropolitan,-,-,-,-,-,-,-,-,-,26.10845000,91.00605000,16-05-2026 01:00,55.6
580,Nagarbera Circle Office,Assam,18,Assam,618,Kamrup Metropolitan,-,-,-,-,-,-,-,-,-,26.10845000,91.00605000,16-05-2026 01:15,11
581,Nagarbera Circle Office,Assam,18,Assam,618,Kamrup Metropolitan,-,-,-,-,-,-,-,-,-,26.10845000,91.00605000,16-05-2026 01:30,11.6
582,Nagarbera Circle Office,Assam,18,Assam,618,Kamrup Metropolitan,-,-,-,-,-,-,-,-,-,26.10845000,91.00605000,16-05-2026 01:45,11.8
583,Nagarbera Circle Office,Assam,18,Assam,618,Kamrup Metropolitan,-,-,-,-,-,-,-,-,-,26.10845000,91.00605000,16-05-2026 02:00,13.4
584,Nagarbera Circle Office,Assam,18,Assam,618,Kamrup Metropolitan,-,-,-,-,-,-,-,-,-,26.10845000,91.00605000,16-05-2026 02:15,12
585,Nagarbera Circle Office,Assam,18,Assam,618,Kamrup Metropolitan,-,-,-,-,-,-,-,-,-,26.10845000,91.00605000,16-05-2026 02:30,16.4
586,Nagarbera Circle Office,Assam,18,Assam,618,Kamrup Metropolitan,-,-,-,-,-,-,-,-,-,26.10845000,91.00605000,16-05-2026 02:45,22.8
587,Nagarbera Circle Office,Assam,18,Assam,618,Kamrup Metropolitan,-,-,-,-,-,-,-,-,-,26.10845000,91.00605000,16-05-2026 03:15,0.6
588,Nagarbera Circle Office,Assam,18,Assam,618,Kamrup Metropolitan,-,-,-,-,-,-,-,-,-,26.10845000,91.00605000,16-05-2026 03:30,0.6
589,Nagarbera Circle Office,Assam,18,Assam,618,Kamrup Metropolitan,-,-,-,-,-,-,-,-,-,26.10845000,91.00605000,16-05-2026 03:45,0.6
590,Nagarbera Circle Office,Assam,18,Assam,618,Kamrup Metropolitan,-,-,-,-,-,-,-,-,-,26.10845000,91.00605000,16-05-2026 04:00,0.8
591,Nagarbera Circle Office,Assam,18,Assam,618,Kamrup Metropolitan,-,-,-,-,-,-,-,-,-,26.10845000,91.00605000,16-05-2026 09:15,0.2
592,Nagarbera Circle Office,Assam,18,Assam,618,Kamrup Metropolitan,-,-,-,-,-,-,-,-,-,26.10845000,91.00605000,16-05-2026 09:30,0.2
593,Nagarbera Circle Office,Assam,18,Assam,618,Kamrup Metropolitan,-,-,-,-,-,-,-,-,-,26.10845000,91.00605000,16-05-2026 09:45,0.2
594,Nagarbera Circle Office,Assam,18,Assam,618,Kamrup Metropolitan,-,-,-,-,-,-,-,-,-,26.10845000,91.00605000,17-05-2026 01:30,3.8
595,Nagarbera Circle Office,Assam,18,Assam,618,Kamrup Metropolitan,-,-,-,-,-,-,-,-,-,26.10845000,91.00605000,17-05-2026 02:00,9.2
596,Nagarbera Circle Office,Assam,18,Assam,618,Kamrup Metropolitan,-,-,-,-,-,-,-,-,-,26.10845000,91.00605000,17-05-2026 02:15,2.4
597,Nagarbera Circle Office,Assam,18,Assam,618,Kamrup Metropolitan,-,-,-,-,-,-,-,-,-,26.10845000,91.00605000,17-05-2026 02:30,3.2
598,Nagarbera Circle Office,Assam,18,Assam,618,Kamrup Metropolitan,-,-,-,-,-,-,-,-,-,26.10845000,91.00605000,17-05-2026 03:00,3.4
599,Nagarbera Circle Office,Assam,18,Assam,618,Kamrup Metropolitan,-,-,-,-,-,-,-,-,-,26.10845000,91.00605000,17-05-2026 03:30,0.6
600,Nagarbera Circle Office,Assam,18,Assam,618,Kamrup Metropolitan,-,-,-,-,-,-,-,-,-,26.10845000,91.00605000,17-05-2026 03:45,0.6
601,Nagarbera Circle Office,Assam,18,Assam,618,Kamrup Metropolitan,-,-,-,-,-,-,-,-,-,26.10845000,91.00605000,17-05-2026 04:00,0.6
602,Nagarbera Circle Office,Assam,18,Assam,618,Kamrup Metropolitan,-,-,-,-,-,-,-,-,-,26.10845000,91.00605000,17-05-2026 20:00,0.2
603,Nagarbera Circle Office,Assam,18,Assam,618,Kamrup Metropolitan,-,-,-,-,-,-,-,-,-,26.10845000,91.00605000,17-05-2026 20:15,0.8
604,Nagarbera Circle Office,Assam,18,Assam,618,Kamrup Metropolitan,-,-,-,-,-,-,-,-,-,26.10845000,91.00605000,17-05-2026 20:30,1.4
605,Nagarbera Circle Office,Assam,18,Assam,618,Kamrup Metropolitan,-,-,-,-,-,-,-,-,-,26.10845000,91.00605000,17-05-2026 20:45,3.6
606,Nagarbera Circle Office,Assam,18,Assam,618,Kamrup Metropolitan,-,-,-,-,-,-,-,-,-,26.10845000,91.00605000,17-05-2026 21:00,4.6
607,Nagarbera Circle Office,Assam,18,Assam,618,Kamrup Metropolitan,-,-,-,-,-,-,-,-,-,26.10845000,91.00605000,18-05-2026 00:00,0.2
608,Nagarbera Circle Office,Assam,18,Assam,618,Kamrup Metropolitan,-,-,-,-,-,-,-,-,-,26.10845000,91.00605000,18-05-2026 02:15,0.2
609,Nagarbera Circle Office,Assam,18,Assam,618,Kamrup Metropolitan,-,-,-,-,-,-,-,-,-,26.10845000,91.00605000,18-05-2026 02:30,0.8
610,Nagarbera Circle Office,Assam,18,Assam,618,Kamrup Metropolitan,-,-,-,-,-,-,-,-,-,26.10845000,91.00605000,18-05-2026 02:45,0.8
611,Nagarbera Circle Office,Assam,18,Assam,618,Kamrup Metropolitan,-,-,-,-,-,-,-,-,-,26.10845000,91.00605000,18-05-2026 03:00,0.8
612,Nagarbera Circle Office,Assam,18,Assam,618,Kamrup Metropolitan,-,-,-,-,-,-,-,-,-,26.10845000,91.00605000,21-05-2026 12:45,0.2
613,Nagarbera Circle Office,Assam,18,Assam,618,Kamrup Metropolitan,-,-,-,-,-,-,-,-,-,26.10845000,91.00605000,21-05-2026 13:00,0.2
614,Nagarbera Circle Office,Assam,18,Assam,618,Kamrup Metropolitan,-,-,-,-,-,-,-,-,-,26.10845000,91.00605000,23-05-2026 03:15,1.2
615,Nagarbera Circle Office,Assam,18,Assam,618,Kamrup Metropolitan,-,-,-,-,-,-,-,-,-,26.10845000,91.00605000,23-05-2026 03:30,1.8
616,Nagarbera Circle Office,Assam,18,Assam,618,Kamrup Metropolitan,-,-,-,-,-,-,-,-,-,26.10845000,91.00605000,23-05-2026 03:45,1.8
617,Nagarbera Circle Office,Assam,18,Assam,618,Kamrup Metropolitan,-,-,-,-,-,-,-,-,-,26.10845000,91.00605000,23-05-2026 04:00,2
618,Nagarbera Circle Office,Assam,18,Assam,618,Kamrup Metropolitan,-,-,-,-,-,-,-,-,-,26.10845000,91.00605000,23-05-2026 05:15,0.2
619,Nagarbera Circle Office,Assam,18,Assam,618,Kamrup Metropolitan,-,-,-,-,-,-,-,-,-,26.10845000,91.00605000,23-05-2026 05:30,0.2
620,Nagarbera Circle Office,Assam,18,Assam,618,Kamrup Metropolitan,-,-,-,-,-,-,-,-,-,26.10845000,91.00605000,23-05-2026 05:45,0.2
621,Nagarbera Circle Office,Assam,18,Assam,618,Kamrup Metropolitan,-,-,-,-,-,-,-,-,-,26.10845000,91.00605000,23-05-2026 06:00,0.2
622,Nagarbera Circle Office,Assam,18,Assam,618,Kamrup Metropolitan,-,-,-,-,-,-,-,-,-,26.10845000,91.00605000,23-05-2026 08:30,0.2
623,Nagarbera Circle Office,Assam,18,Assam,618,Kamrup Metropolitan,-,-,-,-,-,-,-,-,-,26.10845000,91.00605000,23-05-2026 08:45,0.2
624,Nagarbera Circle Office,Assam,18,Assam,618,Kamrup Metropolitan,-,-,-,-,-,-,-,-,-,26.10845000,91.00605000,23-05-2026 09:00,0.2
625,Nagarbera Circle Office,Assam,18,Assam,618,Kamrup Metropolitan,-,-,-,-,-,-,-,-,-,26.10845000,91.00605000,23-05-2026 09:15,3.8
626,Nagarbera Circle Office,Assam,18,Assam,618,Kamrup Metropolitan,-,-,-,-,-,-,-,-,-,26.10845000,91.00605000,23-05-2026 09:30,4.4
627,Nagarbera Circle Office,Assam,18,Assam,618,Kamrup Metropolitan,-,-,-,-,-,-,-,-,-,26.10845000,91.00605000,23-05-2026 09:45,4.4
628,Nagarbera Circle Office,Assam,18,Assam,618,Kamrup Metropolitan,-,-,-,-,-,-,-,-,-,26.10845000,91.00605000,23-05-2026 10:00,4.4
629,Nagarbera Circle Office,Assam,18,Assam,618,Kamrup Metropolitan,-,-,-,-,-,-,-,-,-,26.10845000,91.00605000,23-05-2026 21:30,0.2
630,Nagarbera Circle Office,Assam,18,Assam,618,Kamrup Metropolitan,-,-,-,-,-,-,-,-,-,26.10845000,91.00605000,23-05-2026 21:45,3.8
631,Nagarbera Circle Office,Assam,18,Assam,618,Kamrup Metropolitan,-,-,-,-,-,-,-,-,-,26.10845000,91.00605000,23-05-2026 22:00,5.2
632,Nagarbera Circle Office,Assam,18,Assam,618,Kamrup Metropolitan,-,-,-,-,-,-,-,-,-,26.10845000,91.00605000,23-05-2026 22:45,5
633,Nagarbera Circle Office,Assam,18,Assam,618,Kamrup Metropolitan,-,-,-,-,-,-,-,-,-,26.10845000,91.00605000,23-05-2026 23:00,11.8
634,Nagarbera Circle Office,Assam,18,Assam,618,Kamrup Metropolitan,-,-,-,-,-,-,-,-,-,26.10845000,91.00605000,23-05-2026 23:15,3.4
635,Nagarbera Circle Office,Assam,18,Assam,618,Kamrup Metropolitan,-,-,-,-,-,-,-,-,-,26.10845000,91.00605000,23-05-2026 23:30,3.4
636,Nagarbera Circle Office,Assam,18,Assam,618,Kamrup Metropolitan,-,-,-,-,-,-,-,-,-,26.10845000,91.00605000,23-05-2026 23:45,3.4
637,Nagarbera Circle Office,Assam,18,Assam,618,Kamrup Metropolitan,-,-,-,-,-,-,-,-,-,26.10845000,91.00605000,24-05-2026 00:00,3.4
638,Nagarbera Circle Office,Assam,18,Assam,618,Kamrup Metropolitan,-,-,-,-,-,-,-,-,-,26.10845000,91.00605000,24-05-2026 00:30,0.2
639,Nagarbera Circle Office,Assam,18,Assam,618,Kamrup Metropolitan,-,-,-,-,-,-,-,-,-,26.10845000,91.00605000,24-05-2026 00:45,0.6
640,Nagarbera Circle Office,Assam,18,Assam,618,Kamrup Metropolitan,-,-,-,-,-,-,-,-,-,26.10845000,91.00605000,24-05-2026 01:00,0.6
641,Nagarbera Circle Office,Assam,18,Assam,618,Kamrup Metropolitan,-,-,-,-,-,-,-,-,-,26.10845000,91.00605000,24-05-2026 01:15,0.2
642,Nagarbera Circle Office,Assam,18,Assam,618,Kamrup Metropolitan,-,-,-,-,-,-,-,-,-,26.10845000,91.00605000,24-05-2026 01:30,0.2
643,Nagarbera Circle Office,Assam,18,Assam,618,Kamrup Metropolitan,-,-,-,-,-,-,-,-,-,26.10845000,91.00605000,24-05-2026 01:45,0.2
644,Nagarbera Circle Office,Assam,18,Assam,618,Kamrup Metropolitan,-,-,-,-,-,-,-,-,-,26.10845000,91.00605000,24-05-2026 02:00,0.2
645,Nagarbera Circle Office,Assam,18,Assam,618,Kamrup Metropolitan,-,-,-,-,-,-,-,-,-,26.10845000,91.00605000,24-05-2026 05:00,4.4
646,Nagarbera Circle Office,Assam,18,Assam,618,Kamrup Metropolitan,-,-,-,-,-,-,-,-,-,26.10845000,91.00605000,24-05-2026 05:15,3.2
647,Nagarbera Circle Office,Assam,18,Assam,618,Kamrup Metropolitan,-,-,-,-,-,-,-,-,-,26.10845000,91.00605000,24-05-2026 05:30,4.2
648,Nagarbera Circle Office,Assam,18,Assam,618,Kamrup Metropolitan,-,-,-,-,-,-,-,-,-,26.10845000,91.00605000,24-05-2026 05:45,4.4
649,Nagarbera Circle Office,Assam,18,Assam,618,Kamrup Metropolitan,-,-,-,-,-,-,-,-,-,26.10845000,91.00605000,24-05-2026 06:00,4.6
650,Nagarbera Circle Office,Assam,18,Assam,618,Kamrup Metropolitan,-,-,-,-,-,-,-,-,-,26.10845000,91.00605000,24-05-2026 06:15,0.2
651,Nagarbera Circle Office,Assam,18,Assam,618,Kamrup Metropolitan,-,-,-,-,-,-,-,-,-,26.10845000,91.00605000,24-05-2026 06:30,0.2
652,Nagarbera Circle Office,Assam,18,Assam,618,Kamrup Metropolitan,-,-,-,-,-,-,-,-,-,26.10845000,91.00605000,24-05-2026 06:45,0.2
653,Nagarbera Circle Office,Assam,18,Assam,618,Kamrup Metropolitan,-,-,-,-,-,-,-,-,-,26.10845000,91.00605000,24-05-2026 07:00,0.2
654,Nagarbera Circle Office,Assam,18,Assam,618,Kamrup Metropolitan,-,-,-,-,-,-,-,-,-,26.10845000,91.00605000,24-05-2026 21:30,0.2
655,Nagarbera Circle Office,Assam,18,Assam,618,Kamrup Metropolitan,-,-,-,-,-,-,-,-,-,26.10845000,91.00605000,24-05-2026 21:45,1.2
656,Nagarbera Circle Office,Assam,18,Assam,618,Kamrup Metropolitan,-,-,-,-,-,-,-,-,-,26.10845000,91.00605000,24-05-2026 22:00,3.4
657,Nagarbera Circle Office,Assam,18,Assam,618,Kamrup Metropolitan,-,-,-,-,-,-,-,-,-,26.10845000,91.00605000,24-05-2026 22:15,0.4
658,Nagarbera Circle Office,Assam,18,Assam,618,Kamrup Metropolitan,-,-,-,-,-,-,-,-,-,26.10845000,91.00605000,24-05-2026 22:30,0.4
659,Nagarbera Circle Office,Assam,18,Assam,618,Kamrup Metropolitan,-,-,-,-,-,-,-,-,-,26.10845000,91.00605000,24-05-2026 22:45,0.4
660,Nagarbera Circle Office,Assam,18,Assam,618,Kamrup Metropolitan,-,-,-,-,-,-,-,-,-,26.10845000,91.00605000,24-05-2026 23:00,0.4
661,Nagarbera Circle Office,Assam,18,Assam,618,Kamrup Metropolitan,-,-,-,-,-,-,-,-,-,26.10845000,91.00605000,25-05-2026 08:15,0.2
662,Nagarbera Circle Office,Assam,18,Assam,618,Kamrup Metropolitan,-,-,-,-,-,-,-,-,-,26.10845000,91.00605000,25-05-2026 08:30,0.6
663,Nagarbera Circle Office,Assam,18,Assam,618,Kamrup Metropolitan,-,-,-,-,-,-,-,-,-,26.10845000,91.00605000,25-05-2026 08:45,0.8
664,Nagarbera Circle Office,Assam,18,Assam,618,Kamrup Metropolitan,-,-,-,-,-,-,-,-,-,26.10845000,91.00605000,25-05-2026 09:00,1
665,Nagarbera Circle Office,Assam,18,Assam,618,Kamrup Metropolitan,-,-,-,-,-,-,-,-,-,26.10845000,91.00605000,25-05-2026 09:15,1
666,Nagarbera Circle Office,Assam,18,Assam,618,Kamrup Metropolitan,-,-,-,-,-,-,-,-,-,26.10845000,91.00605000,25-05-2026 09:30,1.4
667,Nagarbera Circle Office,Assam,18,Assam,618,Kamrup Metropolitan,-,-,-,-,-,-,-,-,-,26.10845000,91.00605000,25-05-2026 09:45,1.6
668,Nagarbera Circle Office,Assam,18,Assam,618,Kamrup Metropolitan,-,-,-,-,-,-,-,-,-,26.10845000,91.00605000,25-05-2026 10:00,2
669,Nagarbera Circle Office,Assam,18,Assam,618,Kamrup Metropolitan,-,-,-,-,-,-,-,-,-,26.10845000,91.00605000,25-05-2026 10:15,0.6
670,Nagarbera Circle Office,Assam,18,Assam,618,Kamrup Metropolitan,-,-,-,-,-,-,-,-,-,26.10845000,91.00605000,25-05-2026 10:30,0.8
671,Nagarbera Circle Office,Assam,18,Assam,618,Kamrup Metropolitan,-,-,-,-,-,-,-,-,-,26.10845000,91.00605000,25-05-2026 10:45,0.8
672,Nagarbera Circle Office,Assam,18,Assam,618,Kamrup Metropolitan,-,-,-,-,-,-,-,-,-,26.10845000,91.00605000,25-05-2026 11:00,0.8
673,Nagarbera Circle Office,Assam,18,Assam,618,Kamrup Metropolitan,-,-,-,-,-,-,-,-,-,26.10845000,91.00605000,25-05-2026 11:30,0.2
674,Nagarbera Circle Office,Assam,18,Assam,618,Kamrup Metropolitan,-,-,-,-,-,-,-,-,-,26.10845000,91.00605000,25-05-2026 11:45,0.2
675,Nagarbera Circle Office,Assam,18,Assam,618,Kamrup Metropolitan,-,-,-,-,-,-,-,-,-,26.10845000,91.00605000,25-05-2026 12:00,0.2
676,Nagarbera Circle Office,Assam,18,Assam,618,Kamrup Metropolitan,-,-,-,-,-,-,-,-,-,26.10845000,91.00605000,25-05-2026 22:15,0.4
677,Nagarbera Circle Office,Assam,18,Assam,618,Kamrup Metropolitan,-,-,-,-,-,-,-,-,-,26.10845000,91.00605000,25-05-2026 22:30,0.4
678,Nagarbera Circle Office,Assam,18,Assam,618,Kamrup Metropolitan,-,-,-,-,-,-,-,-,-,26.10845000,91.00605000,25-05-2026 22:45,0.4
679,Nagarbera Circle Office,Assam,18,Assam,618,Kamrup Metropolitan,-,-,-,-,-,-,-,-,-,26.10845000,91.00605000,25-05-2026 23:00,0.4
680,Nagarbera Circle Office,Assam,18,Assam,618,Kamrup Metropolitan,-,-,-,-,-,-,-,-,-,26.10845000,91.00605000,26-05-2026 00:00,1.4
681,Nagarbera Circle Office,Assam,18,Assam,618,Kamrup Metropolitan,-,-,-,-,-,-,-,-,-,26.10845000,91.00605000,26-05-2026 00:15,0.8
682,Nagarbera Circle Office,Assam,18,Assam,618,Kamrup Metropolitan,-,-,-,-,-,-,-,-,-,26.10845000,91.00605000,26-05-2026 00:30,0.8
683,Nagarbera Circle Office,Assam,18,Assam,618,Kamrup Metropolitan,-,-,-,-,-,-,-,-,-,26.10845000,91.00605000,26-05-2026 00:45,0.8
684,Nagarbera Circle Office,Assam,18,Assam,618,Kamrup Metropolitan,-,-,-,-,-,-,-,-,-,26.10845000,91.00605000,26-05-2026 01:00,0.8
685,Nagarbera Circle Office,Assam,18,Assam,618,Kamrup Metropolitan,-,-,-,-,-,-,-,-,-,26.10845000,91.00605000,26-05-2026 02:30,0.4
686,Nagarbera Circle Office,Assam,18,Assam,618,Kamrup Metropolitan,-,-,-,-,-,-,-,-,-,26.10845000,91.00605000,26-05-2026 02:45,0.4
687,Nagarbera Circle Office,Assam,18,Assam,618,Kamrup Metropolitan,-,-,-,-,-,-,-,-,-,26.10845000,91.00605000,26-05-2026 03:00,0.4
688,Nagarbera Circle Office,Assam,18,Assam,618,Kamrup Metropolitan,-,-,-,-,-,-,-,-,-,26.10845000,91.00605000,26-05-2026 03:30,0.2
689,Nagarbera Circle Office,Assam,18,Assam,618,Kamrup Metropolitan,-,-,-,-,-,-,-,-,-,26.10845000,91.00605000,26-05-2026 03:45,0.2
690,Nagarbera Circle Office,Assam,18,Assam,618,Kamrup Metropolitan,-,-,-,-,-,-,-,-,-,26.10845000,91.00605000,26-05-2026 04:00,0.2
691,Nagarbera Circle Office,Assam,18,Assam,618,Kamrup Metropolitan,-,-,-,-,-,-,-,-,-,26.10845000,91.00605000,26-05-2026 04:30,0.6
692,Nagarbera Circle Office,Assam,18,Assam,618,Kamrup Metropolitan,-,-,-,-,-,-,-,-,-,26.10845000,91.00605000,26-05-2026 04:45,1.2
693,Nagarbera Circle Office,Assam,18,Assam,618,Kamrup Metropolitan,-,-,-,-,-,-,-,-,-,26.10845000,91.00605000,26-05-2026 05:00,1.4
694,Nagarbera Circle Office,Assam,18,Assam,618,Kamrup Metropolitan,-,-,-,-,-,-,-,-,-,26.10845000,91.00605000,26-05-2026 06:30,0.2
695,Nagarbera Circle Office,Assam,18,Assam,618,Kamrup Metropolitan,-,-,-,-,-,-,-,-,-,26.10845000,91.00605000,26-05-2026 06:45,0.2
696,Nagarbera Circle Office,Assam,18,Assam,618,Kamrup Metropolitan,-,-,-,-,-,-,-,-,-,26.10845000,91.00605000,26-05-2026 07:00,0.2
697,Nagarbera Circle Office,Assam,18,Assam,618,Kamrup Metropolitan,-,-,-,-,-,-,-,-,-,26.10845000,91.00605000,02-06-2026 12:15,0.8
698,Nagarbera Circle Office,Assam,18,Assam,618,Kamrup Metropolitan,-,-,-,-,-,-,-,-,-,26.10845000,91.00605000,02-06-2026 12:30,1.6
699,Nagarbera Circle Office,Assam,18,Assam,618,Kamrup Metropolitan,-,-,-,-,-,-,-,-,-,26.10845000,91.00605000,02-06-2026 12:45,1.6
700,Nagarbera Circle Office,Assam,18,Assam,618,Kamrup Metropolitan,-,-,-,-,-,-,-,-,-,26.10845000,91.00605000,02-06-2026 13:00,1.6
701,Nagarbera Circle Office,Assam,18,Assam,618,Kamrup Metropolitan,-,-,-,-,-,-,-,-,-,26.10845000,91.00605000,03-06-2026 13:00,0.6
702,Nalbari WRD Office,Assam,18,Assam,298,NALBARI,-,-,-,-,-,-,-,-,-,26.45472222,91.44805556,14-05-2026 23:00,0.4
703,Nalbari WRD Office,Assam,18,Assam,298,NALBARI,-,-,-,-,-,-,-,-,-,26.45472222,91.44805556,15-05-2026 01:00,0.2
704,Nalbari WRD Office,Assam,18,Assam,298,NALBARI,-,-,-,-,-,-,-,-,-,26.45472222,91.44805556,15-05-2026 02:00,1.6
705,Nalbari WRD Office,Assam,18,Assam,298,NALBARI,-,-,-,-,-,-,-,-,-,26.45472222,91.44805556,15-05-2026 03:00,0.4
706,Nalbari WRD Office,Assam,18,Assam,298,NALBARI,-,-,-,-,-,-,-,-,-,26.45472222,91.44805556,15-05-2026 05:00,0.8
707,Nalbari WRD Office,Assam,18,Assam,298,NALBARI,-,-,-,-,-,-,-,-,-,26.45472222,91.44805556,15-05-2026 06:00,0.8
708,Nalbari WRD Office,Assam,18,Assam,298,NALBARI,-,-,-,-,-,-,-,-,-,26.45472222,91.44805556,15-05-2026 07:00,0.6
709,Nalbari WRD Office,Assam,18,Assam,298,NALBARI,-,-,-,-,-,-,-,-,-,26.45472222,91.44805556,15-05-2026 08:00,0.8
710,Nalbari WRD Office,Assam,18,Assam,298,NALBARI,-,-,-,-,-,-,-,-,-,26.45472222,91.44805556,15-05-2026 12:00,0.2
711,Nalbari WRD Office,Assam,18,Assam,298,NALBARI,-,-,-,-,-,-,-,-,-,26.45472222,91.44805556,15-05-2026 22:00,0.8
712,Nalbari WRD Office,Assam,18,Assam,298,NALBARI,-,-,-,-,-,-,-,-,-,26.45472222,91.44805556,16-05-2026 01:00,0.4
713,Nalbari WRD Office,Assam,18,Assam,298,NALBARI,-,-,-,-,-,-,-,-,-,26.45472222,91.44805556,16-05-2026 02:00,2.4
714,Nalbari WRD Office,Assam,18,Assam,298,NALBARI,-,-,-,-,-,-,-,-,-,26.45472222,91.44805556,16-05-2026 03:00,1.8
715,Nalbari WRD Office,Assam,18,Assam,298,NALBARI,-,-,-,-,-,-,-,-,-,26.45472222,91.44805556,16-05-2026 04:00,2.8
716,Nalbari WRD Office,Assam,18,Assam,298,NALBARI,-,-,-,-,-,-,-,-,-,26.45472222,91.44805556,16-05-2026 05:00,0.6
717,Nalbari WRD Office,Assam,18,Assam,298,NALBARI,-,-,-,-,-,-,-,-,-,26.45472222,91.44805556,16-05-2026 06:00,3.2
718,Nalbari WRD Office,Assam,18,Assam,298,NALBARI,-,-,-,-,-,-,-,-,-,26.45472222,91.44805556,16-05-2026 07:00,1.8
719,Nalbari WRD Office,Assam,18,Assam,298,NALBARI,-,-,-,-,-,-,-,-,-,26.45472222,91.44805556,16-05-2026 08:00,0.8
720,Nalbari WRD Office,Assam,18,Assam,298,NALBARI,-,-,-,-,-,-,-,-,-,26.45472222,91.44805556,16-05-2026 10:00,1.2
721,Nalbari WRD Office,Assam,18,Assam,298,NALBARI,-,-,-,-,-,-,-,-,-,26.45472222,91.44805556,16-05-2026 11:00,0.2
722,Nalbari WRD Office,Assam,18,Assam,298,NALBARI,-,-,-,-,-,-,-,-,-,26.45472222,91.44805556,17-05-2026 01:00,2.6
723,Nalbari WRD Office,Assam,18,Assam,298,NALBARI,-,-,-,-,-,-,-,-,-,26.45472222,91.44805556,17-05-2026 03:00,0.6
724,Nalbari WRD Office,Assam,18,Assam,298,NALBARI,-,-,-,-,-,-,-,-,-,26.45472222,91.44805556,17-05-2026 04:00,0.4
725,Nalbari WRD Office,Assam,18,Assam,298,NALBARI,-,-,-,-,-,-,-,-,-,26.45472222,91.44805556,17-05-2026 05:00,0.2
726,Nalbari WRD Office,Assam,18,Assam,298,NALBARI,-,-,-,-,-,-,-,-,-,26.45472222,91.44805556,18-05-2026 08:00,0.2
727,Nalbari WRD Office,Assam,18,Assam,298,NALBARI,-,-,-,-,-,-,-,-,-,26.45472222,91.44805556,18-05-2026 14:00,3.2
728,Nalbari WRD Office,Assam,18,Assam,298,NALBARI,-,-,-,-,-,-,-,-,-,26.45472222,91.44805556,18-05-2026 15:00,3.2
729,Nalbari WRD Office,Assam,18,Assam,298,NALBARI,-,-,-,-,-,-,-,-,-,26.45472222,91.44805556,18-05-2026 19:00,1.2
730,Nalbari WRD Office,Assam,18,Assam,298,NALBARI,-,-,-,-,-,-,-,-,-,26.45472222,91.44805556,18-05-2026 22:00,0.4
731,Nalbari WRD Office,Assam,18,Assam,298,NALBARI,-,-,-,-,-,-,-,-,-,26.45472222,91.44805556,18-05-2026 23:00,3.6
732,Nalbari WRD Office,Assam,18,Assam,298,NALBARI,-,-,-,-,-,-,-,-,-,26.45472222,91.44805556,19-05-2026 00:00,0.6
733,Nalbari WRD Office,Assam,18,Assam,298,NALBARI,-,-,-,-,-,-,-,-,-,26.45472222,91.44805556,19-05-2026 01:00,0.6
734,Nalbari WRD Office,Assam,18,Assam,298,NALBARI,-,-,-,-,-,-,-,-,-,26.45472222,91.44805556,19-05-2026 02:00,0.4
735,Nalbari WRD Office,Assam,18,Assam,298,NALBARI,-,-,-,-,-,-,-,-,-,26.45472222,91.44805556,19-05-2026 03:00,0.2
736,Nalbari WRD Office,Assam,18,Assam,298,NALBARI,-,-,-,-,-,-,-,-,-,26.45472222,91.44805556,19-05-2026 04:00,0.4
737,Nalbari WRD Office,Assam,18,Assam,298,NALBARI,-,-,-,-,-,-,-,-,-,26.45472222,91.44805556,19-05-2026 05:00,0.2
738,Nalbari WRD Office,Assam,18,Assam,298,NALBARI,-,-,-,-,-,-,-,-,-,26.45472222,91.44805556,19-05-2026 06:00,0.2
739,Nalbari WRD Office,Assam,18,Assam,298,NALBARI,-,-,-,-,-,-,-,-,-,26.45472222,91.44805556,19-05-2026 07:00,0.4
740,Nalbari WRD Office,Assam,18,Assam,298,NALBARI,-,-,-,-,-,-,-,-,-,26.45472222,91.44805556,19-05-2026 08:00,0.6
741,Nalbari WRD Office,Assam,18,Assam,298,NALBARI,-,-,-,-,-,-,-,-,-,26.45472222,91.44805556,19-05-2026 09:00,0.4
742,Nalbari WRD Office,Assam,18,Assam,298,NALBARI,-,-,-,-,-,-,-,-,-,26.45472222,91.44805556,19-05-2026 10:00,0.6
743,Nalbari WRD Office,Assam,18,Assam,298,NALBARI,-,-,-,-,-,-,-,-,-,26.45472222,91.44805556,19-05-2026 11:00,0.4
744,Nalbari WRD Office,Assam,18,Assam,298,NALBARI,-,-,-,-,-,-,-,-,-,26.45472222,91.44805556,19-05-2026 12:00,0.6
745,Nalbari WRD Office,Assam,18,Assam,298,NALBARI,-,-,-,-,-,-,-,-,-,26.45472222,91.44805556,20-05-2026 03:00,0.2
746,Nalbari WRD Office,Assam,18,Assam,298,NALBARI,-,-,-,-,-,-,-,-,-,26.45472222,91.44805556,20-05-2026 05:00,0.2
747,Nalbari WRD Office,Assam,18,Assam,298,NALBARI,-,-,-,-,-,-,-,-,-,26.45472222,91.44805556,22-05-2026 22:00,14
748,Nalbari WRD Office,Assam,18,Assam,298,NALBARI,-,-,-,-,-,-,-,-,-,26.45472222,91.44805556,23-05-2026 01:00,0.8
749,Nalbari WRD Office,Assam,18,Assam,298,NALBARI,-,-,-,-,-,-,-,-,-,26.45472222,91.44805556,23-05-2026 05:00,15.2
750,Nalbari WRD Office,Assam,18,Assam,298,NALBARI,-,-,-,-,-,-,-,-,-,26.45472222,91.44805556,23-05-2026 06:00,3.6
751,Nalbari WRD Office,Assam,18,Assam,298,NALBARI,-,-,-,-,-,-,-,-,-,26.45472222,91.44805556,23-05-2026 10:00,3.8
752,Nalbari WRD Office,Assam,18,Assam,298,NALBARI,-,-,-,-,-,-,-,-,-,26.45472222,91.44805556,23-05-2026 11:00,4
753,Nalbari WRD Office,Assam,18,Assam,298,NALBARI,-,-,-,-,-,-,-,-,-,26.45472222,91.44805556,23-05-2026 12:00,2.2
754,Nalbari WRD Office,Assam,18,Assam,298,NALBARI,-,-,-,-,-,-,-,-,-,26.45472222,91.44805556,23-05-2026 13:00,1.2
755,Nalbari WRD Office,Assam,18,Assam,298,NALBARI,-,-,-,-,-,-,-,-,-,26.45472222,91.44805556,23-05-2026 14:00,0.2
756,Nalbari WRD Office,Assam,18,Assam,298,NALBARI,-,-,-,-,-,-,-,-,-,26.45472222,91.44805556,23-05-2026 16:00,0.2
757,Nalbari WRD Office,Assam,18,Assam,298,NALBARI,-,-,-,-,-,-,-,-,-,26.45472222,91.44805556,23-05-2026 21:00,2
758,Nalbari WRD Office,Assam,18,Assam,298,NALBARI,-,-,-,-,-,-,-,-,-,26.45472222,91.44805556,23-05-2026 22:00,1
759,Nalbari WRD Office,Assam,18,Assam,298,NALBARI,-,-,-,-,-,-,-,-,-,26.45472222,91.44805556,23-05-2026 23:00,0.8
760,Nalbari WRD Office,Assam,18,Assam,298,NALBARI,-,-,-,-,-,-,-,-,-,26.45472222,91.44805556,24-05-2026 00:00,0.4
761,Nalbari WRD Office,Assam,18,Assam,298,NALBARI,-,-,-,-,-,-,-,-,-,26.45472222,91.44805556,24-05-2026 01:00,0.4
762,Nalbari WRD Office,Assam,18,Assam,298,NALBARI,-,-,-,-,-,-,-,-,-,26.45472222,91.44805556,24-05-2026 02:00,0.2
763,Nalbari WRD Office,Assam,18,Assam,298,NALBARI,-,-,-,-,-,-,-,-,-,26.45472222,91.44805556,24-05-2026 03:00,0.2
764,Nalbari WRD Office,Assam,18,Assam,298,NALBARI,-,-,-,-,-,-,-,-,-,26.45472222,91.44805556,24-05-2026 04:00,0.2
765,Nalbari WRD Office,Assam,18,Assam,298,NALBARI,-,-,-,-,-,-,-,-,-,26.45472222,91.44805556,24-05-2026 05:00,0.2
766,Nalbari WRD Office,Assam,18,Assam,298,NALBARI,-,-,-,-,-,-,-,-,-,26.45472222,91.44805556,24-05-2026 06:00,0.2
767,Nalbari WRD Office,Assam,18,Assam,298,NALBARI,-,-,-,-,-,-,-,-,-,26.45472222,91.44805556,24-05-2026 07:00,0.2
768,Nalbari WRD Office,Assam,18,Assam,298,NALBARI,-,-,-,-,-,-,-,-,-,26.45472222,91.44805556,24-05-2026 08:00,0.2
769,Nalbari WRD Office,Assam,18,Assam,298,NALBARI,-,-,-,-,-,-,-,-,-,26.45472222,91.44805556,24-05-2026 10:00,0.2
770,Nalbari WRD Office,Assam,18,Assam,298,NALBARI,-,-,-,-,-,-,-,-,-,26.45472222,91.44805556,24-05-2026 11:00,0.2
771,Nalbari WRD Office,Assam,18,Assam,298,NALBARI,-,-,-,-,-,-,-,-,-,26.45472222,91.44805556,24-05-2026 15:00,0.2
772,Nalbari WRD Office,Assam,18,Assam,298,NALBARI,-,-,-,-,-,-,-,-,-,26.45472222,91.44805556,24-05-2026 16:00,0.2
773,Nalbari WRD Office,Assam,18,Assam,298,NALBARI,-,-,-,-,-,-,-,-,-,26.45472222,91.44805556,24-05-2026 17:00,0.2
774,Nalbari WRD Office,Assam,18,Assam,298,NALBARI,-,-,-,-,-,-,-,-,-,26.45472222,91.44805556,24-05-2026 19:00,0.2
775,Nalbari WRD Office,Assam,18,Assam,298,NALBARI,-,-,-,-,-,-,-,-,-,26.45472222,91.44805556,24-05-2026 21:00,0.2
776,Nalbari WRD Office,Assam,18,Assam,298,NALBARI,-,-,-,-,-,-,-,-,-,26.45472222,91.44805556,24-05-2026 23:00,0.4
777,Nalbari WRD Office,Assam,18,Assam,298,NALBARI,-,-,-,-,-,-,-,-,-,26.45472222,91.44805556,25-05-2026 00:00,0.2
778,Nalbari WRD Office,Assam,18,Assam,298,NALBARI,-,-,-,-,-,-,-,-,-,26.45472222,91.44805556,25-05-2026 03:00,0.2
779,Nalbari WRD Office,Assam,18,Assam,298,NALBARI,-,-,-,-,-,-,-,-,-,26.45472222,91.44805556,25-05-2026 05:00,0.2
780,Nalbari WRD Office,Assam,18,Assam,298,NALBARI,-,-,-,-,-,-,-,-,-,26.45472222,91.44805556,25-05-2026 08:00,0.2
781,Nalbari WRD Office,Assam,18,Assam,298,NALBARI,-,-,-,-,-,-,-,-,-,26.45472222,91.44805556,25-05-2026 10:00,0.2
782,Nalbari WRD Office,Assam,18,Assam,298,NALBARI,-,-,-,-,-,-,-,-,-,26.45472222,91.44805556,25-05-2026 15:00,0.2
783,Nalbari WRD Office,Assam,18,Assam,298,NALBARI,-,-,-,-,-,-,-,-,-,26.45472222,91.44805556,25-05-2026 17:00,0.2
784,Nalbari WRD Office,Assam,18,Assam,298,NALBARI,-,-,-,-,-,-,-,-,-,26.45472222,91.44805556,25-05-2026 20:00,0.2
785,Nalbari WRD Office,Assam,18,Assam,298,NALBARI,-,-,-,-,-,-,-,-,-,26.45472222,91.44805556,25-05-2026 22:00,0.2
786,Nalbari WRD Office,Assam,18,Assam,298,NALBARI,-,-,-,-,-,-,-,-,-,26.45472222,91.44805556,26-05-2026 02:00,0.2
787,Nalbari WRD Office,Assam,18,Assam,298,NALBARI,-,-,-,-,-,-,-,-,-,26.45472222,91.44805556,26-05-2026 05:00,0.2
788,Nalbari WRD Office,Assam,18,Assam,298,NALBARI,-,-,-,-,-,-,-,-,-,26.45472222,91.44805556,26-05-2026 08:00,0.2
789,Nalbari WRD Office,Assam,18,Assam,298,NALBARI,-,-,-,-,-,-,-,-,-,26.45472222,91.44805556,26-05-2026 11:00,0.2
790,Nalbari WRD Office,Assam,18,Assam,298,NALBARI,-,-,-,-,-,-,-,-,-,26.45472222,91.44805556,26-05-2026 13:00,0.2
791,Nalbari WRD Office,Assam,18,Assam,298,NALBARI,-,-,-,-,-,-,-,-,-,26.45472222,91.44805556,26-05-2026 15:00,0.2
792,Nalbari WRD Office,Assam,18,Assam,298,NALBARI,-,-,-,-,-,-,-,-,-,26.45472222,91.44805556,26-05-2026 18:00,0.2
793,Nalbari WRD Office,Assam,18,Assam,298,NALBARI,-,-,-,-,-,-,-,-,-,26.45472222,91.44805556,26-05-2026 20:00,0.2
794,Nalbari WRD Office,Assam,18,Assam,298,NALBARI,-,-,-,-,-,-,-,-,-,26.45472222,91.44805556,26-05-2026 22:00,0.2
795,Nalbari WRD Office,Assam,18,Assam,298,NALBARI,-,-,-,-,-,-,-,-,-,26.45472222,91.44805556,27-05-2026 01:00,0.2
796,Nalbari WRD Office,Assam,18,Assam,298,NALBARI,-,-,-,-,-,-,-,-,-,26.45472222,91.44805556,27-05-2026 04:00,0.2
797,Nalbari WRD Office,Assam,18,Assam,298,NALBARI,-,-,-,-,-,-,-,-,-,26.45472222,91.44805556,27-05-2026 07:00,0.2
798,Nalbari WRD Office,Assam,18,Assam,298,NALBARI,-,-,-,-,-,-,-,-,-,26.45472222,91.44805556,27-05-2026 09:00,0.2
799,Nalbari WRD Office,Assam,18,Assam,298,NALBARI,-,-,-,-,-,-,-,-,-,26.45472222,91.44805556,27-05-2026 11:00,0.2
800,Nalbari WRD Office,Assam,18,Assam,298,NALBARI,-,-,-,-,-,-,-,-,-,26.45472222,91.44805556,27-05-2026 13:00,0.2
801,Nalbari WRD Office,Assam,18,Assam,298,NALBARI,-,-,-,-,-,-,-,-,-,26.45472222,91.44805556,27-05-2026 15:00,0.2
802,Nalbari WRD Office,Assam,18,Assam,298,NALBARI,-,-,-,-,-,-,-,-,-,26.45472222,91.44805556,27-05-2026 17:00,0.2
803,Nalbari WRD Office,Assam,18,Assam,298,NALBARI,-,-,-,-,-,-,-,-,-,26.45472222,91.44805556,27-05-2026 18:00,0.2
804,Nalbari WRD Office,Assam,18,Assam,298,NALBARI,-,-,-,-,-,-,-,-,-,26.45472222,91.44805556,27-05-2026 20:00,0.2
805,Nalbari WRD Office,Assam,18,Assam,298,NALBARI,-,-,-,-,-,-,-,-,-,26.45472222,91.44805556,27-05-2026 22:00,0.2
806,Nalbari WRD Office,Assam,18,Assam,298,NALBARI,-,-,-,-,-,-,-,-,-,26.45472222,91.44805556,27-05-2026 23:00,0.2
807,Nalbari WRD Office,Assam,18,Assam,298,NALBARI,-,-,-,-,-,-,-,-,-,26.45472222,91.44805556,28-05-2026 01:00,0.2
808,Nalbari WRD Office,Assam,18,Assam,298,NALBARI,-,-,-,-,-,-,-,-,-,26.45472222,91.44805556,28-05-2026 03:00,0.2
809,Nalbari WRD Office,Assam,18,Assam,298,NALBARI,-,-,-,-,-,-,-,-,-,26.45472222,91.44805556,28-05-2026 04:00,0.4
810,Nalbari WRD Office,Assam,18,Assam,298,NALBARI,-,-,-,-,-,-,-,-,-,26.45472222,91.44805556,28-05-2026 05:00,0.2
811,Nalbari WRD Office,Assam,18,Assam,298,NALBARI,-,-,-,-,-,-,-,-,-,26.45472222,91.44805556,28-05-2026 06:00,0.4
812,Nalbari WRD Office,Assam,18,Assam,298,NALBARI,-,-,-,-,-,-,-,-,-,26.45472222,91.44805556,03-06-2026 03:00,0.2
813,Nalbari WRD Office,Assam,18,Assam,298,NALBARI,-,-,-,-,-,-,-,-,-,26.45472222,91.44805556,03-06-2026 07:00,0.2
814,Nalbari WRD Office,Assam,18,Assam,298,NALBARI,-,-,-,-,-,-,-,-,-,26.45472222,91.44805556,03-06-2026 08:00,0.2
815,Nalbari WRD Office,Assam,18,Assam,298,NALBARI,-,-,-,-,-,-,-,-,-,26.45472222,91.44805556,03-06-2026 09:00,0.2
816,Nalbari WRD Office,Assam,18,Assam,298,NALBARI,-,-,-,-,-,-,-,-,-,26.45472222,91.44805556,03-06-2026 11:00,0.2
817,Nalbari WRD Office,Assam,18,Assam,298,NALBARI,-,-,-,-,-,-,-,-,-,26.45472222,91.44805556,03-06-2026 13:00,0.2
818,Nalbari WRD Office,Assam,18,Assam,298,NALBARI,-,-,-,-,-,-,-,-,-,26.45472222,91.44805556,03-06-2026 16:00,0.4
819,Nalbari WRD Office,Assam,18,Assam,298,NALBARI,-,-,-,-,-,-,-,-,-,26.45472222,91.44805556,03-06-2026 17:00,0.2
820,Nalbari WRD Office,Assam,18,Assam,298,NALBARI,-,-,-,-,-,-,-,-,-,26.45472222,91.44805556,03-06-2026 19:00,0.2
821,Nalbari WRD Office,Assam,18,Assam,298,NALBARI,-,-,-,-,-,-,-,-,-,26.45472222,91.44805556,03-06-2026 20:00,0.2
822,Nalbari WRD Office,Assam,18,Assam,298,NALBARI,-,-,-,-,-,-,-,-,-,26.45472222,91.44805556,03-06-2026 21:00,0.2
823,Nalbari WRD Office,Assam,18,Assam,298,NALBARI,-,-,-,-,-,-,-,-,-,26.45472222,91.44805556,03-06-2026 23:00,1.4
824,NAMDANG BRIDGE,Assam,18,Assam,705,Biswanath,-,-,-,-,-,-,-,-,-,26.74499000,93.18880000,22-05-2026 14:00,2.2
825,NAMDANG BRIDGE,Assam,18,Assam,705,Biswanath,-,-,-,-,-,-,-,-,-,26.74499000,93.18880000,22-05-2026 15:00,0.4
826,NAMDANG BRIDGE,Assam,18,Assam,705,Biswanath,-,-,-,-,-,-,-,-,-,26.74499000,93.18880000,22-05-2026 16:00,0.4
827,NAMDANG BRIDGE,Assam,18,Assam,705,Biswanath,-,-,-,-,-,-,-,-,-,26.74499000,93.18880000,23-05-2026 00:00,11.2
828,NAMDANG BRIDGE,Assam,18,Assam,705,Biswanath,-,-,-,-,-,-,-,-,-,26.74499000,93.18880000,23-05-2026 01:00,23.8
829,NAMDANG BRIDGE,Assam,18,Assam,705,Biswanath,-,-,-,-,-,-,-,-,-,26.74499000,93.18880000,23-05-2026 02:00,5
830,NAMDANG BRIDGE,Assam,18,Assam,705,Biswanath,-,-,-,-,-,-,-,-,-,26.74499000,93.18880000,23-05-2026 03:00,6.6
831,NAMDANG BRIDGE,Assam,18,Assam,705,Biswanath,-,-,-,-,-,-,-,-,-,26.74499000,93.18880000,23-05-2026 04:00,1.2
832,NAMDANG BRIDGE,Assam,18,Assam,705,Biswanath,-,-,-,-,-,-,-,-,-,26.74499000,93.18880000,23-05-2026 08:00,4.8
833,NAMDANG BRIDGE,Assam,18,Assam,705,Biswanath,-,-,-,-,-,-,-,-,-,26.74499000,93.18880000,23-05-2026 09:00,0.4
834,NAMDANG BRIDGE,Assam,18,Assam,705,Biswanath,-,-,-,-,-,-,-,-,-,26.74499000,93.18880000,23-05-2026 10:00,6.2
835,NAMDANG BRIDGE,Assam,18,Assam,705,Biswanath,-,-,-,-,-,-,-,-,-,26.74499000,93.18880000,23-05-2026 11:00,4
836,NAMDANG BRIDGE,Assam,18,Assam,705,Biswanath,-,-,-,-,-,-,-,-,-,26.74499000,93.18880000,23-05-2026 13:00,0.4
837,NAMDANG BRIDGE,Assam,18,Assam,705,Biswanath,-,-,-,-,-,-,-,-,-,26.74499000,93.18880000,23-05-2026 19:00,6.4
838,NAMDANG BRIDGE,Assam,18,Assam,705,Biswanath,-,-,-,-,-,-,-,-,-,26.74499000,93.18880000,25-05-2026 05:00,0.2
839,NAMDANG BRIDGE,Assam,18,Assam,705,Biswanath,-,-,-,-,-,-,-,-,-,26.74499000,93.18880000,25-05-2026 06:00,0.2
840,NAMDANG BRIDGE,Assam,18,Assam,705,Biswanath,-,-,-,-,-,-,-,-,-,26.74499000,93.18880000,25-05-2026 07:00,4.8
841,NAMDANG BRIDGE,Assam,18,Assam,705,Biswanath,-,-,-,-,-,-,-,-,-,26.74499000,93.18880000,25-05-2026 08:00,0.2
842,NAMDANG BRIDGE,Assam,18,Assam,705,Biswanath,-,-,-,-,-,-,-,-,-,26.74499000,93.18880000,30-05-2026 14:00,0.4
843,NAMDANG BRIDGE,Assam,18,Assam,705,Biswanath,-,-,-,-,-,-,-,-,-,26.74499000,93.18880000,30-05-2026 15:00,0.6
844,NAMDANG BRIDGE,Assam,18,Assam,705,Biswanath,-,-,-,-,-,-,-,-,-,26.74499000,93.18880000,30-05-2026 16:00,0.6
845,NAMDANG BRIDGE,Assam,18,Assam,705,Biswanath,-,-,-,-,-,-,-,-,-,26.74499000,93.18880000,31-05-2026 18:00,0.6
846,NAMDANG BRIDGE,Assam,18,Assam,705,Biswanath,-,-,-,-,-,-,-,-,-,26.74499000,93.18880000,02-06-2026 00:00,1.8
847,NAMDANG BRIDGE,Assam,18,Assam,705,Biswanath,-,-,-,-,-,-,-,-,-,26.74499000,93.18880000,02-06-2026 05:00,16.8
848,NAMDANG BRIDGE,Assam,18,Assam,705,Biswanath,-,-,-,-,-,-,-,-,-,26.74499000,93.18880000,02-06-2026 06:00,19.8
849,NAMDANG BRIDGE,Assam,18,Assam,705,Biswanath,-,-,-,-,-,-,-,-,-,26.74499000,93.18880000,02-06-2026 07:00,16
850,NH15 Crossing Doomdooma Dibru,Assam,18,Assam,302,TINSUKIA,-,-,-,-,-,-,-,-,-,27.56694000,95.55086000,11-05-2026 13:00,0.5
851,NH15 Crossing Doomdooma Dibru,Assam,18,Assam,302,TINSUKIA,-,-,-,-,-,-,-,-,-,27.56694000,95.55086000,11-05-2026 14:00,0.5
852,NH15 Crossing Doomdooma Dibru,Assam,18,Assam,302,TINSUKIA,-,-,-,-,-,-,-,-,-,27.56694000,95.55086000,23-05-2026 08:00,0.5
853,NH15 Crossing Doomdooma Dibru,Assam,18,Assam,302,TINSUKIA,-,-,-,-,-,-,-,-,-,27.56694000,95.55086000,23-05-2026 09:00,2
854,NH15 Crossing Doomdooma Dibru,Assam,18,Assam,302,TINSUKIA,-,-,-,-,-,-,-,-,-,27.56694000,95.55086000,23-05-2026 10:00,1
855,NH15 Crossing Doomdooma Dibru,Assam,18,Assam,302,TINSUKIA,-,-,-,-,-,-,-,-,-,27.56694000,95.55086000,23-05-2026 13:00,2.2
856,NH15 Crossing Doomdooma Dibru,Assam,18,Assam,302,TINSUKIA,-,-,-,-,-,-,-,-,-,27.56694000,95.55086000,24-05-2026 00:00,0.8
857,NH15 Crossing Doomdooma Dibru,Assam,18,Assam,302,TINSUKIA,-,-,-,-,-,-,-,-,-,27.56694000,95.55086000,24-05-2026 01:00,3.2
858,NH15 Crossing Doomdooma Dibru,Assam,18,Assam,302,TINSUKIA,-,-,-,-,-,-,-,-,-,27.56694000,95.55086000,24-05-2026 02:00,4.8
859,NH15 Crossing Doomdooma Dibru,Assam,18,Assam,302,TINSUKIA,-,-,-,-,-,-,-,-,-,27.56694000,95.55086000,24-05-2026 04:00,0.8
860,NH15 Crossing Doomdooma Dibru,Assam,18,Assam,302,TINSUKIA,-,-,-,-,-,-,-,-,-,27.56694000,95.55086000,24-05-2026 05:00,0.8
861,NH15 Crossing Doomdooma Dibru,Assam,18,Assam,302,TINSUKIA,-,-,-,-,-,-,-,-,-,27.56694000,95.55086000,24-05-2026 06:00,0.2
862,NH15 Crossing Doomdooma Dibru,Assam,18,Assam,302,TINSUKIA,-,-,-,-,-,-,-,-,-,27.56694000,95.55086000,24-05-2026 07:00,0.4
863,NH15 Crossing Doomdooma Dibru,Assam,18,Assam,302,TINSUKIA,-,-,-,-,-,-,-,-,-,27.56694000,95.55086000,24-05-2026 09:00,0.2
864,NH15 Crossing Doomdooma Dibru,Assam,18,Assam,302,TINSUKIA,-,-,-,-,-,-,-,-,-,27.56694000,95.55086000,24-05-2026 15:00,0.2
865,NH15 Crossing Doomdooma Dibru,Assam,18,Assam,302,TINSUKIA,-,-,-,-,-,-,-,-,-,27.56694000,95.55086000,24-05-2026 20:00,0.8
866,NH15 Crossing Doomdooma Dibru,Assam,18,Assam,302,TINSUKIA,-,-,-,-,-,-,-,-,-,27.56694000,95.55086000,25-05-2026 16:00,0.2
867,NH15 Crossing Doomdooma Dibru,Assam,18,Assam,302,TINSUKIA,-,-,-,-,-,-,-,-,-,27.56694000,95.55086000,28-05-2026 08:00,0.6
868,NH15 Crossing Doomdooma Dibru,Assam,18,Assam,302,TINSUKIA,-,-,-,-,-,-,-,-,-,27.56694000,95.55086000,28-05-2026 09:00,3.4
869,NH15 Crossing Doomdooma Dibru,Assam,18,Assam,302,TINSUKIA,-,-,-,-,-,-,-,-,-,27.56694000,95.55086000,28-05-2026 12:00,1
870,NH15 Crossing Doomdooma Dibru,Assam,18,Assam,302,TINSUKIA,-,-,-,-,-,-,-,-,-,27.56694000,95.55086000,30-05-2026 16:00,0.2
871,NH15 Crossing Doomdooma Dibru,Assam,18,Assam,302,TINSUKIA,-,-,-,-,-,-,-,-,-,27.56694000,95.55086000,31-05-2026 03:00,0.2
872,NH15 Crossing Doomdooma Dibru,Assam,18,Assam,302,TINSUKIA,-,-,-,-,-,-,-,-,-,27.56694000,95.55086000,31-05-2026 06:00,0.2
873,NH15 Crossing Doomdooma Dibru,Assam,18,Assam,302,TINSUKIA,-,-,-,-,-,-,-,-,-,27.56694000,95.55086000,31-05-2026 19:00,0.2
874,NH15 Crossing Doomdooma Dibru,Assam,18,Assam,302,TINSUKIA,-,-,-,-,-,-,-,-,-,27.56694000,95.55086000,03-06-2026 09:00,1
875,NH15 Crossing Doomdooma Dibru,Assam,18,Assam,302,TINSUKIA,-,-,-,-,-,-,-,-,-,27.56694000,95.55086000,03-06-2026 10:00,2.8
876,NH15 Crossing Doomdooma Dibru,Assam,18,Assam,302,TINSUKIA,-,-,-,-,-,-,-,-,-,27.56694000,95.55086000,03-06-2026 13:00,14.6
877,NH15 Crossing Doomdooma Dibru,Assam,18,Assam,302,TINSUKIA,-,-,-,-,-,-,-,-,-,27.56694000,95.55086000,03-06-2026 14:00,4.6
878,NH15 Crossing Doomdooma Dibru,Assam,18,Assam,302,TINSUKIA,-,-,-,-,-,-,-,-,-,27.56694000,95.55086000,03-06-2026 15:00,0.2
879,NH15 Crossing Fakirpara Tangni,Assam,18,Assam,283,DARRANG,-,-,-,-,-,-,-,-,-,26.50833333,92.11638889,22-05-2026 07:00,0.2
880,NH15 Crossing Fakirpara Tangni,Assam,18,Assam,283,DARRANG,-,-,-,-,-,-,-,-,-,26.50833333,92.11638889,23-05-2026 06:00,0.2
881,NH15 Crossing Fakirpara Tangni,Assam,18,Assam,283,DARRANG,-,-,-,-,-,-,-,-,-,26.50833333,92.11638889,23-05-2026 13:00,0.2
882,NH15 Crossing Fakirpara Tangni,Assam,18,Assam,283,DARRANG,-,-,-,-,-,-,-,-,-,26.50833333,92.11638889,23-05-2026 23:00,0.2
883,NH15 Crossing Fakirpara Tangni,Assam,18,Assam,283,DARRANG,-,-,-,-,-,-,-,-,-,26.50833333,92.11638889,24-05-2026 11:00,0.2
884,NH15 Crossing Fakirpara Tangni,Assam,18,Assam,283,DARRANG,-,-,-,-,-,-,-,-,-,26.50833333,92.11638889,25-05-2026 06:00,0.2
885,NH15 Crossing Fakirpara Tangni,Assam,18,Assam,283,DARRANG,-,-,-,-,-,-,-,-,-,26.50833333,92.11638889,27-05-2026 06:00,0.2
886,NH15 Crossing Gainadi,Assam,18,Assam,284,DHEMAJI,-,-,-,-,-,-,-,-,-,27.56296000,94.66088000,13-05-2026 18:00,0.5
887,NH15 Crossing Gainadi,Assam,18,Assam,284,DHEMAJI,-,-,-,-,-,-,-,-,-,27.56296000,94.66088000,14-05-2026 13:00,4.5
888,NH15 Crossing Gainadi,Assam,18,Assam,284,DHEMAJI,-,-,-,-,-,-,-,-,-,27.56296000,94.66088000,15-05-2026 02:00,3
889,NH15 Crossing Gainadi,Assam,18,Assam,284,DHEMAJI,-,-,-,-,-,-,-,-,-,27.56296000,94.66088000,15-05-2026 10:00,0.5
890,NH15 Crossing Gainadi,Assam,18,Assam,284,DHEMAJI,-,-,-,-,-,-,-,-,-,27.56296000,94.66088000,15-05-2026 12:00,2
891,NH15 Crossing Gainadi,Assam,18,Assam,284,DHEMAJI,-,-,-,-,-,-,-,-,-,27.56296000,94.66088000,16-05-2026 08:00,0.4
892,NH15 Crossing Gainadi,Assam,18,Assam,284,DHEMAJI,-,-,-,-,-,-,-,-,-,27.56296000,94.66088000,16-05-2026 09:00,0.6
893,NH15 Crossing Gainadi,Assam,18,Assam,284,DHEMAJI,-,-,-,-,-,-,-,-,-,27.56296000,94.66088000,16-05-2026 16:00,2.4
894,NH15 Crossing Gainadi,Assam,18,Assam,284,DHEMAJI,-,-,-,-,-,-,-,-,-,27.56296000,94.66088000,16-05-2026 17:00,0.4
895,NH15 Crossing Gainadi,Assam,18,Assam,284,DHEMAJI,-,-,-,-,-,-,-,-,-,27.56296000,94.66088000,16-05-2026 22:00,8.2
896,NH15 Crossing Gainadi,Assam,18,Assam,284,DHEMAJI,-,-,-,-,-,-,-,-,-,27.56296000,94.66088000,16-05-2026 23:00,5.8
897,NH15 Crossing Gainadi,Assam,18,Assam,284,DHEMAJI,-,-,-,-,-,-,-,-,-,27.56296000,94.66088000,17-05-2026 00:00,1.4
898,NH15 Crossing Gainadi,Assam,18,Assam,284,DHEMAJI,-,-,-,-,-,-,-,-,-,27.56296000,94.66088000,17-05-2026 01:00,9.4
899,NH15 Crossing Gainadi,Assam,18,Assam,284,DHEMAJI,-,-,-,-,-,-,-,-,-,27.56296000,94.66088000,17-05-2026 03:00,1.6
900,NH15 Crossing Gainadi,Assam,18,Assam,284,DHEMAJI,-,-,-,-,-,-,-,-,-,27.56296000,94.66088000,17-05-2026 04:00,4.6
901,NH15 Crossing Gainadi,Assam,18,Assam,284,DHEMAJI,-,-,-,-,-,-,-,-,-,27.56296000,94.66088000,17-05-2026 09:00,0.4
902,NH15 Crossing Gainadi,Assam,18,Assam,284,DHEMAJI,-,-,-,-,-,-,-,-,-,27.56296000,94.66088000,17-05-2026 10:00,3.6
903,NH15 Crossing Gainadi,Assam,18,Assam,284,DHEMAJI,-,-,-,-,-,-,-,-,-,27.56296000,94.66088000,17-05-2026 11:00,3.4
904,NH15 Crossing Gainadi,Assam,18,Assam,284,DHEMAJI,-,-,-,-,-,-,-,-,-,27.56296000,94.66088000,17-05-2026 12:00,0.4
905,NH15 Crossing Gainadi,Assam,18,Assam,284,DHEMAJI,-,-,-,-,-,-,-,-,-,27.56296000,94.66088000,17-05-2026 14:00,0.2
906,NH15 Crossing Gainadi,Assam,18,Assam,284,DHEMAJI,-,-,-,-,-,-,-,-,-,27.56296000,94.66088000,17-05-2026 22:00,4.4
907,NH15 Crossing Gainadi,Assam,18,Assam,284,DHEMAJI,-,-,-,-,-,-,-,-,-,27.56296000,94.66088000,17-05-2026 23:00,5.2
908,NH15 Crossing Gainadi,Assam,18,Assam,284,DHEMAJI,-,-,-,-,-,-,-,-,-,27.56296000,94.66088000,18-05-2026 00:00,3
909,NH15 Crossing Gainadi,Assam,18,Assam,284,DHEMAJI,-,-,-,-,-,-,-,-,-,27.56296000,94.66088000,18-05-2026 01:00,0.2
910,NH15 Crossing Gainadi,Assam,18,Assam,284,DHEMAJI,-,-,-,-,-,-,-,-,-,27.56296000,94.66088000,18-05-2026 05:00,0.2
911,NH15 Crossing Gainadi,Assam,18,Assam,284,DHEMAJI,-,-,-,-,-,-,-,-,-,27.56296000,94.66088000,23-05-2026 03:00,5
912,NH15 Crossing Gainadi,Assam,18,Assam,284,DHEMAJI,-,-,-,-,-,-,-,-,-,27.56296000,94.66088000,23-05-2026 04:00,0.2
913,NH15 Crossing Gainadi,Assam,18,Assam,284,DHEMAJI,-,-,-,-,-,-,-,-,-,27.56296000,94.66088000,23-05-2026 05:00,1.6
914,NH15 Crossing Gainadi,Assam,18,Assam,284,DHEMAJI,-,-,-,-,-,-,-,-,-,27.56296000,94.66088000,23-05-2026 06:00,0.4
915,NH15 Crossing Gainadi,Assam,18,Assam,284,DHEMAJI,-,-,-,-,-,-,-,-,-,27.56296000,94.66088000,23-05-2026 10:00,0.4
916,NH15 Crossing Gainadi,Assam,18,Assam,284,DHEMAJI,-,-,-,-,-,-,-,-,-,27.56296000,94.66088000,23-05-2026 11:00,1.2
917,NH15 Crossing Gainadi,Assam,18,Assam,284,DHEMAJI,-,-,-,-,-,-,-,-,-,27.56296000,94.66088000,23-05-2026 12:00,1.8
918,NH15 Crossing Gainadi,Assam,18,Assam,284,DHEMAJI,-,-,-,-,-,-,-,-,-,27.56296000,94.66088000,23-05-2026 13:00,0.2
919,NH15 Crossing Gainadi,Assam,18,Assam,284,DHEMAJI,-,-,-,-,-,-,-,-,-,27.56296000,94.66088000,23-05-2026 22:00,3.6
920,NH15 Crossing Gainadi,Assam,18,Assam,284,DHEMAJI,-,-,-,-,-,-,-,-,-,27.56296000,94.66088000,23-05-2026 23:00,0.2
921,NH15 Crossing Gainadi,Assam,18,Assam,284,DHEMAJI,-,-,-,-,-,-,-,-,-,27.56296000,94.66088000,24-05-2026 01:00,8.4
922,NH15 Crossing Gainadi,Assam,18,Assam,284,DHEMAJI,-,-,-,-,-,-,-,-,-,27.56296000,94.66088000,24-05-2026 02:00,4.6
923,NH15 Crossing Gainadi,Assam,18,Assam,284,DHEMAJI,-,-,-,-,-,-,-,-,-,27.56296000,94.66088000,24-05-2026 03:00,0.2
924,NH15 Crossing Gainadi,Assam,18,Assam,284,DHEMAJI,-,-,-,-,-,-,-,-,-,27.56296000,94.66088000,24-05-2026 20:00,1.6
925,NH15 Crossing Gainadi,Assam,18,Assam,284,DHEMAJI,-,-,-,-,-,-,-,-,-,27.56296000,94.66088000,24-05-2026 21:00,0.2
926,NH15 Crossing Gainadi,Assam,18,Assam,284,DHEMAJI,-,-,-,-,-,-,-,-,-,27.56296000,94.66088000,25-05-2026 00:00,0.2
927,NH15 Crossing Gainadi,Assam,18,Assam,284,DHEMAJI,-,-,-,-,-,-,-,-,-,27.56296000,94.66088000,25-05-2026 01:00,0.4
928,NH15 Crossing Gainadi,Assam,18,Assam,284,DHEMAJI,-,-,-,-,-,-,-,-,-,27.56296000,94.66088000,25-05-2026 02:00,8
929,NH15 Crossing Gainadi,Assam,18,Assam,284,DHEMAJI,-,-,-,-,-,-,-,-,-,27.56296000,94.66088000,25-05-2026 04:00,0.2
930,NH15 Crossing Gainadi,Assam,18,Assam,284,DHEMAJI,-,-,-,-,-,-,-,-,-,27.56296000,94.66088000,25-05-2026 05:00,1.6
931,NH15 Crossing Gainadi,Assam,18,Assam,284,DHEMAJI,-,-,-,-,-,-,-,-,-,27.56296000,94.66088000,25-05-2026 06:00,1.4
932,NH15 Crossing Gainadi,Assam,18,Assam,284,DHEMAJI,-,-,-,-,-,-,-,-,-,27.56296000,94.66088000,25-05-2026 09:00,0.4
933,NH15 Crossing Gainadi,Assam,18,Assam,284,DHEMAJI,-,-,-,-,-,-,-,-,-,27.56296000,94.66088000,02-06-2026 04:00,2.6
934,NH15 Crossing Gainadi,Assam,18,Assam,284,DHEMAJI,-,-,-,-,-,-,-,-,-,27.56296000,94.66088000,02-06-2026 05:00,0.4
935,NH15 Crossing Gainadi,Assam,18,Assam,284,DHEMAJI,-,-,-,-,-,-,-,-,-,27.56296000,94.66088000,03-06-2026 05:00,0.4
936,NH15 Crossing Gainadi,Assam,18,Assam,284,DHEMAJI,-,-,-,-,-,-,-,-,-,27.56296000,94.66088000,03-06-2026 06:00,7.4
937,NH27 Crossing Amlighat Killing,Assam,18,Assam,296,MARIGAON,-,-,-,-,-,-,-,-,-,26.12027000,92.27875000,25-05-2026 08:00,0.2
938,NH27 Crossing Amlighat Killing,Assam,18,Assam,296,MARIGAON,-,-,-,-,-,-,-,-,-,26.12027000,92.27875000,26-05-2026 12:00,0.2
939,NH27 Crossing Amlighat Killing,Assam,18,Assam,296,MARIGAON,-,-,-,-,-,-,-,-,-,26.12027000,92.27875000,26-05-2026 19:00,0.2
940,NH27 Crossing Amlighat Killing,Assam,18,Assam,296,MARIGAON,-,-,-,-,-,-,-,-,-,26.12027000,92.27875000,27-05-2026 11:00,0.2
941,NH27 Crossing Amlighat Killing,Assam,18,Assam,296,MARIGAON,-,-,-,-,-,-,-,-,-,26.12027000,92.27875000,28-05-2026 11:00,0.2
942,NH27 Crossing Amlighat Killing,Assam,18,Assam,296,MARIGAON,-,-,-,-,-,-,-,-,-,26.12027000,92.27875000,29-05-2026 09:00,0.2
943,NH27 Crossing Amlighat Killing,Assam,18,Assam,296,MARIGAON,-,-,-,-,-,-,-,-,-,26.12027000,92.27875000,29-05-2026 17:00,0.2
944,NH27 Crossing Amlighat Killing,Assam,18,Assam,296,MARIGAON,-,-,-,-,-,-,-,-,-,26.12027000,92.27875000,30-05-2026 17:00,0.2
945,NH27 Crossing Amlighat Killing,Assam,18,Assam,296,MARIGAON,-,-,-,-,-,-,-,-,-,26.12027000,92.27875000,31-05-2026 13:00,0.2
946,NH27 Crossing Amlighat Killing,Assam,18,Assam,296,MARIGAON,-,-,-,-,-,-,-,-,-,26.12027000,92.27875000,31-05-2026 19:00,0.2
947,NH27 Crossing Amlighat Killing,Assam,18,Assam,296,MARIGAON,-,-,-,-,-,-,-,-,-,26.12027000,92.27875000,01-06-2026 18:00,0.2
948,NH27 Crossing Amlighat Killing,Assam,18,Assam,296,MARIGAON,-,-,-,-,-,-,-,-,-,26.12027000,92.27875000,02-06-2026 16:00,0.2
949,NH27 Crossing Amlighat Killing,Assam,18,Assam,296,MARIGAON,-,-,-,-,-,-,-,-,-,26.12027000,92.27875000,03-06-2026 12:00,0.2
950,NH27 Crossing Rangia Boralia,Assam,18,Assam,618,Kamrup Metropolitan,-,-,-,-,-,-,-,-,-,26.43398000,91.61996000,14-05-2026 06:00,1
951,NH27 Crossing Rangia Boralia,Assam,18,Assam,618,Kamrup Metropolitan,-,-,-,-,-,-,-,-,-,26.43398000,91.61996000,14-05-2026 20:00,12
952,NH27 Crossing Rangia Boralia,Assam,18,Assam,618,Kamrup Metropolitan,-,-,-,-,-,-,-,-,-,26.43398000,91.61996000,14-05-2026 21:00,25
953,NH27 Crossing Rangia Boralia,Assam,18,Assam,618,Kamrup Metropolitan,-,-,-,-,-,-,-,-,-,26.43398000,91.61996000,15-05-2026 02:00,3.5
954,NH27 Crossing Rangia Boralia,Assam,18,Assam,618,Kamrup Metropolitan,-,-,-,-,-,-,-,-,-,26.43398000,91.61996000,15-05-2026 04:00,1.5
955,NH27 Crossing Rangia Boralia,Assam,18,Assam,618,Kamrup Metropolitan,-,-,-,-,-,-,-,-,-,26.43398000,91.61996000,15-05-2026 05:00,6
956,NH27 Crossing Rangia Boralia,Assam,18,Assam,618,Kamrup Metropolitan,-,-,-,-,-,-,-,-,-,26.43398000,91.61996000,15-05-2026 23:00,9
957,NH27 Crossing Rangia Boralia,Assam,18,Assam,618,Kamrup Metropolitan,-,-,-,-,-,-,-,-,-,26.43398000,91.61996000,16-05-2026 02:00,1.5
958,NH27 Crossing Rangia Boralia,Assam,18,Assam,618,Kamrup Metropolitan,-,-,-,-,-,-,-,-,-,26.43398000,91.61996000,16-05-2026 04:00,1
959,NH27 Crossing Rangia Boralia,Assam,18,Assam,618,Kamrup Metropolitan,-,-,-,-,-,-,-,-,-,26.43398000,91.61996000,16-05-2026 06:00,2
960,NH27 Crossing Rangia Boralia,Assam,18,Assam,618,Kamrup Metropolitan,-,-,-,-,-,-,-,-,-,26.43398000,91.61996000,16-05-2026 07:00,7
961,NH27 Crossing Rangia Boralia,Assam,18,Assam,618,Kamrup Metropolitan,-,-,-,-,-,-,-,-,-,26.43398000,91.61996000,16-05-2026 10:00,1.5
962,NH27 Crossing Rangia Boralia,Assam,18,Assam,618,Kamrup Metropolitan,-,-,-,-,-,-,-,-,-,26.43398000,91.61996000,17-05-2026 01:00,4.5
963,NH27 Crossing Rangia Boralia,Assam,18,Assam,618,Kamrup Metropolitan,-,-,-,-,-,-,-,-,-,26.43398000,91.61996000,17-05-2026 02:00,1
964,NH27 Crossing Rangia Boralia,Assam,18,Assam,618,Kamrup Metropolitan,-,-,-,-,-,-,-,-,-,26.43398000,91.61996000,17-05-2026 04:00,0.5
965,NH27 Crossing Rangia Boralia,Assam,18,Assam,618,Kamrup Metropolitan,-,-,-,-,-,-,-,-,-,26.43398000,91.61996000,18-05-2026 16:00,1
966,NH27 Crossing Rangia Boralia,Assam,18,Assam,618,Kamrup Metropolitan,-,-,-,-,-,-,-,-,-,26.43398000,91.61996000,18-05-2026 22:00,3.5
967,NH27 Crossing Rangia Boralia,Assam,18,Assam,618,Kamrup Metropolitan,-,-,-,-,-,-,-,-,-,26.43398000,91.61996000,18-05-2026 23:00,1
968,NH27 Crossing Rangia Boralia,Assam,18,Assam,618,Kamrup Metropolitan,-,-,-,-,-,-,-,-,-,26.43398000,91.61996000,23-05-2026 05:00,30
969,NH27 Crossing Rangia Boralia,Assam,18,Assam,618,Kamrup Metropolitan,-,-,-,-,-,-,-,-,-,26.43398000,91.61996000,23-05-2026 06:00,3
970,NH27 Crossing Rangia Boralia,Assam,18,Assam,618,Kamrup Metropolitan,-,-,-,-,-,-,-,-,-,26.43398000,91.61996000,23-05-2026 11:00,4
971,NH27 Crossing Rangia Boralia,Assam,18,Assam,618,Kamrup Metropolitan,-,-,-,-,-,-,-,-,-,26.43398000,91.61996000,23-05-2026 12:00,0.4
972,NH27 Crossing Rangia Boralia,Assam,18,Assam,618,Kamrup Metropolitan,-,-,-,-,-,-,-,-,-,26.43398000,91.61996000,23-05-2026 21:00,8.2
973,NH27 Crossing Rangia Boralia,Assam,18,Assam,618,Kamrup Metropolitan,-,-,-,-,-,-,-,-,-,26.43398000,91.61996000,23-05-2026 22:00,10.8
974,NH27 Crossing Rangia Boralia,Assam,18,Assam,618,Kamrup Metropolitan,-,-,-,-,-,-,-,-,-,26.43398000,91.61996000,23-05-2026 23:00,1.8
975,NH27 Crossing Rangia Boralia,Assam,18,Assam,618,Kamrup Metropolitan,-,-,-,-,-,-,-,-,-,26.43398000,91.61996000,24-05-2026 00:00,1.6
976,NH27 Crossing Rangia Boralia,Assam,18,Assam,618,Kamrup Metropolitan,-,-,-,-,-,-,-,-,-,26.43398000,91.61996000,24-05-2026 01:00,1.2
977,NH27 Crossing Rangia Boralia,Assam,18,Assam,618,Kamrup Metropolitan,-,-,-,-,-,-,-,-,-,26.43398000,91.61996000,24-05-2026 07:00,2.6
978,NH27 Crossing Rangia Boralia,Assam,18,Assam,618,Kamrup Metropolitan,-,-,-,-,-,-,-,-,-,26.43398000,91.61996000,24-05-2026 08:00,0.6
979,NH27 Crossing Rangia Boralia,Assam,18,Assam,618,Kamrup Metropolitan,-,-,-,-,-,-,-,-,-,26.43398000,91.61996000,26-05-2026 19:00,0.2
980,NH27 Crossing Rangia Boralia,Assam,18,Assam,618,Kamrup Metropolitan,-,-,-,-,-,-,-,-,-,26.43398000,91.61996000,27-05-2026 15:00,0.2
981,NH27 Crossing Rangia Boralia,Assam,18,Assam,618,Kamrup Metropolitan,-,-,-,-,-,-,-,-,-,26.43398000,91.61996000,03-06-2026 05:00,0.2
982,NH27 Crossing Rangia Boralia,Assam,18,Assam,618,Kamrup Metropolitan,-,-,-,-,-,-,-,-,-,26.43398000,91.61996000,03-06-2026 08:00,1.2
983,NH27 Crossing Rangia Boralia,Assam,18,Assam,618,Kamrup Metropolitan,-,-,-,-,-,-,-,-,-,26.43398000,91.61996000,03-06-2026 23:00,0.2
984,NH715 Crossing Kajiranga Difalu,Assam,18,Assam,288,GOLAGHAT,-,-,-,-,-,-,-,-,-,26.64120000,93.57288000,17-05-2026 08:00,49.5
985,NH715 Crossing Kajiranga Difalu,Assam,18,Assam,288,GOLAGHAT,-,-,-,-,-,-,-,-,-,26.64120000,93.57288000,17-05-2026 09:00,24
986,NH715 Crossing Kajiranga Difalu,Assam,18,Assam,288,GOLAGHAT,-,-,-,-,-,-,-,-,-,26.64120000,93.57288000,17-05-2026 10:00,14.5
987,NH715 Crossing Kajiranga Difalu,Assam,18,Assam,288,GOLAGHAT,-,-,-,-,-,-,-,-,-,26.64120000,93.57288000,17-05-2026 11:00,12.5
988,NH715 Crossing Kajiranga Difalu,Assam,18,Assam,288,GOLAGHAT,-,-,-,-,-,-,-,-,-,26.64120000,93.57288000,17-05-2026 12:00,10.5
989,NH715 Crossing Kajiranga Difalu,Assam,18,Assam,288,GOLAGHAT,-,-,-,-,-,-,-,-,-,26.64120000,93.57288000,17-05-2026 13:00,8
990,NH715 Crossing Kajiranga Difalu,Assam,18,Assam,288,GOLAGHAT,-,-,-,-,-,-,-,-,-,26.64120000,93.57288000,17-05-2026 15:00,4.5
991,NH715 Crossing Kajiranga Difalu,Assam,18,Assam,288,GOLAGHAT,-,-,-,-,-,-,-,-,-,26.64120000,93.57288000,17-05-2026 16:00,3.5
992,NH715 Crossing Kajiranga Difalu,Assam,18,Assam,288,GOLAGHAT,-,-,-,-,-,-,-,-,-,26.64120000,93.57288000,17-05-2026 17:00,2
993,NH715 Crossing Kajiranga Difalu,Assam,18,Assam,288,GOLAGHAT,-,-,-,-,-,-,-,-,-,26.64120000,93.57288000,17-05-2026 18:00,0.5
994,NH715 Crossing Kajiranga Difalu,Assam,18,Assam,288,GOLAGHAT,-,-,-,-,-,-,-,-,-,26.64120000,93.57288000,17-05-2026 19:00,0.5
995,NH715 Crossing Kajiranga Difalu,Assam,18,Assam,288,GOLAGHAT,-,-,-,-,-,-,-,-,-,26.64120000,93.57288000,17-05-2026 21:00,0.5
996,NH715 Crossing Kajiranga Difalu,Assam,18,Assam,288,GOLAGHAT,-,-,-,-,-,-,-,-,-,26.64120000,93.57288000,17-05-2026 23:00,0.5
997,NH715 Crossing Kajiranga Difalu,Assam,18,Assam,288,GOLAGHAT,-,-,-,-,-,-,-,-,-,26.64120000,93.57288000,20-05-2026 06:00,0.5
998,NH715 Crossing Kajiranga Difalu,Assam,18,Assam,288,GOLAGHAT,-,-,-,-,-,-,-,-,-,26.64120000,93.57288000,20-05-2026 07:00,1
999,NH715 Crossing Kajiranga Difalu,Assam,18,Assam,288,GOLAGHAT,-,-,-,-,-,-,-,-,-,26.64120000,93.57288000,20-05-2026 08:00,1.5
1000,NH715 Crossing Kajiranga Difalu,Assam,18,Assam,288,GOLAGHAT,-,-,-,-,-,-,-,-,-,26.64120000,93.57288000,20-05-2026 09:00,3
1001,NH715 Crossing Kajiranga Difalu,Assam,18,Assam,288,GOLAGHAT,-,-,-,-,-,-,-,-,-,26.64120000,93.57288000,20-05-2026 10:00,3.5
1002,NH715 Crossing Kajiranga Difalu,Assam,18,Assam,288,GOLAGHAT,-,-,-,-,-,-,-,-,-,26.64120000,93.57288000,20-05-2026 11:00,3.5
1003,NH715 Crossing Kajiranga Difalu,Assam,18,Assam,288,GOLAGHAT,-,-,-,-,-,-,-,-,-,26.64120000,93.57288000,20-05-2026 12:00,3
1004,NH715 Crossing Kajiranga Difalu,Assam,18,Assam,288,GOLAGHAT,-,-,-,-,-,-,-,-,-,26.64120000,93.57288000,20-05-2026 13:00,2.5
1005,NH715 Crossing Kajiranga Difalu,Assam,18,Assam,288,GOLAGHAT,-,-,-,-,-,-,-,-,-,26.64120000,93.57288000,20-05-2026 14:00,2.5
1006,NH715 Crossing Kajiranga Difalu,Assam,18,Assam,288,GOLAGHAT,-,-,-,-,-,-,-,-,-,26.64120000,93.57288000,20-05-2026 15:00,2
1007,NH715 Crossing Kajiranga Difalu,Assam,18,Assam,288,GOLAGHAT,-,-,-,-,-,-,-,-,-,26.64120000,93.57288000,20-05-2026 16:00,2
1008,NH715 Crossing Kajiranga Difalu,Assam,18,Assam,288,GOLAGHAT,-,-,-,-,-,-,-,-,-,26.64120000,93.57288000,20-05-2026 17:00,1.5
1009,NH715 Crossing Kajiranga Difalu,Assam,18,Assam,288,GOLAGHAT,-,-,-,-,-,-,-,-,-,26.64120000,93.57288000,20-05-2026 18:00,1
1010,NH715 Crossing Kajiranga Difalu,Assam,18,Assam,288,GOLAGHAT,-,-,-,-,-,-,-,-,-,26.64120000,93.57288000,20-05-2026 19:00,0.5
1011,NH715 Crossing Kajiranga Difalu,Assam,18,Assam,288,GOLAGHAT,-,-,-,-,-,-,-,-,-,26.64120000,93.57288000,20-05-2026 20:00,0.5
1012,NH715 Crossing Kajiranga Difalu,Assam,18,Assam,288,GOLAGHAT,-,-,-,-,-,-,-,-,-,26.64120000,93.57288000,22-05-2026 08:00,3
1013,NH715 Crossing Kajiranga Difalu,Assam,18,Assam,288,GOLAGHAT,-,-,-,-,-,-,-,-,-,26.64120000,93.57288000,22-05-2026 09:00,2
1014,NH715 Crossing Kajiranga Difalu,Assam,18,Assam,288,GOLAGHAT,-,-,-,-,-,-,-,-,-,26.64120000,93.57288000,22-05-2026 10:00,1.5
1015,NH715 Crossing Kajiranga Difalu,Assam,18,Assam,288,GOLAGHAT,-,-,-,-,-,-,-,-,-,26.64120000,93.57288000,22-05-2026 11:00,1.5
1016,NH715 Crossing Kajiranga Difalu,Assam,18,Assam,288,GOLAGHAT,-,-,-,-,-,-,-,-,-,26.64120000,93.57288000,22-05-2026 12:00,0.5
1017,NH715 Crossing Kajiranga Difalu,Assam,18,Assam,288,GOLAGHAT,-,-,-,-,-,-,-,-,-,26.64120000,93.57288000,02-06-2026 15:00,0.2
1018,NH715 Crossing Kajiranga Difalu,Assam,18,Assam,288,GOLAGHAT,-,-,-,-,-,-,-,-,-,26.64120000,93.57288000,03-06-2026 09:00,0.2
1019,NH715 Crossing Kajiranga Difalu,Assam,18,Assam,288,GOLAGHAT,-,-,-,-,-,-,-,-,-,26.64120000,93.57288000,03-06-2026 17:00,0.2
1020,NH715 Crossing Kajiranga Difalu,Assam,18,Assam,288,GOLAGHAT,-,-,-,-,-,-,-,-,-,26.64120000,93.57288000,03-06-2026 22:00,0.2
1021,Nowgaon WRD,Assam,18,Assam,297,NAGAON,-,-,-,-,-,-,-,-,-,26.34916667,92.68583333,18-05-2026 09:00,0.2
1022,Nowgaon WRD,Assam,18,Assam,297,NAGAON,-,-,-,-,-,-,-,-,-,26.34916667,92.68583333,18-05-2026 19:00,15.6
1023,Nowgaon WRD,Assam,18,Assam,297,NAGAON,-,-,-,-,-,-,-,-,-,26.34916667,92.68583333,18-05-2026 20:00,0.4
1024,Nowgaon WRD,Assam,18,Assam,297,NAGAON,-,-,-,-,-,-,-,-,-,26.34916667,92.68583333,18-05-2026 21:00,9.4
1025,Nowgaon WRD,Assam,18,Assam,297,NAGAON,-,-,-,-,-,-,-,-,-,26.34916667,92.68583333,18-05-2026 22:00,6
1026,Nowgaon WRD,Assam,18,Assam,297,NAGAON,-,-,-,-,-,-,-,-,-,26.34916667,92.68583333,18-05-2026 23:00,0.8
1027,Nowgaon WRD,Assam,18,Assam,297,NAGAON,-,-,-,-,-,-,-,-,-,26.34916667,92.68583333,19-05-2026 00:00,4.4
1028,Nowgaon WRD,Assam,18,Assam,297,NAGAON,-,-,-,-,-,-,-,-,-,26.34916667,92.68583333,21-05-2026 06:00,0.2
1029,Nowgaon WRD,Assam,18,Assam,297,NAGAON,-,-,-,-,-,-,-,-,-,26.34916667,92.68583333,23-05-2026 02:00,1.2
1030,Nowgaon WRD,Assam,18,Assam,297,NAGAON,-,-,-,-,-,-,-,-,-,26.34916667,92.68583333,23-05-2026 06:00,12.2
1031,Nowgaon WRD,Assam,18,Assam,297,NAGAON,-,-,-,-,-,-,-,-,-,26.34916667,92.68583333,23-05-2026 07:00,0.4
1032,Nowgaon WRD,Assam,18,Assam,297,NAGAON,-,-,-,-,-,-,-,-,-,26.34916667,92.68583333,23-05-2026 14:00,0.2
1033,Nowgaon WRD,Assam,18,Assam,297,NAGAON,-,-,-,-,-,-,-,-,-,26.34916667,92.68583333,25-05-2026 01:00,7.2
1034,Nowgaon WRD,Assam,18,Assam,297,NAGAON,-,-,-,-,-,-,-,-,-,26.34916667,92.68583333,25-05-2026 13:00,0.4
1035,Nowgaon WRD,Assam,18,Assam,297,NAGAON,-,-,-,-,-,-,-,-,-,26.34916667,92.68583333,25-05-2026 14:00,0.6
1036,Nowgaon WRD,Assam,18,Assam,297,NAGAON,-,-,-,-,-,-,-,-,-,26.34916667,92.68583333,26-05-2026 01:00,4
1037,Nowgaon WRD,Assam,18,Assam,297,NAGAON,-,-,-,-,-,-,-,-,-,26.34916667,92.68583333,26-05-2026 02:00,5.8
1038,Nowgaon WRD,Assam,18,Assam,297,NAGAON,-,-,-,-,-,-,-,-,-,26.34916667,92.68583333,26-05-2026 03:00,0.2
1039,Nowgaon WRD,Assam,18,Assam,297,NAGAON,-,-,-,-,-,-,-,-,-,26.34916667,92.68583333,27-05-2026 13:00,6.4
1040,Nowgaon WRD,Assam,18,Assam,297,NAGAON,-,-,-,-,-,-,-,-,-,26.34916667,92.68583333,03-06-2026 17:00,0.2
1041,Nowgaon WRD,Assam,18,Assam,297,NAGAON,-,-,-,-,-,-,-,-,-,26.34916667,92.68583333,03-06-2026 19:00,2.2
1042,Pandu WR Dept Office,Assam,18,Assam,618,Kamrup Metropolitan,-,-,-,-,-,-,-,-,-,26.16861111,91.67166667,14-01-2026 05:00,0.5
1043,Pandu WR Dept Office,Assam,18,Assam,618,Kamrup Metropolitan,-,-,-,-,-,-,-,-,-,26.16861111,91.67166667,14-01-2026 10:00,0.5
1044,Pandu WR Dept Office,Assam,18,Assam,618,Kamrup Metropolitan,-,-,-,-,-,-,-,-,-,26.16861111,91.67166667,14-01-2026 14:00,20
1045,Pandu WR Dept Office,Assam,18,Assam,618,Kamrup Metropolitan,-,-,-,-,-,-,-,-,-,26.16861111,91.67166667,14-01-2026 15:00,1.5
1046,Pandu WR Dept Office,Assam,18,Assam,618,Kamrup Metropolitan,-,-,-,-,-,-,-,-,-,26.16861111,91.67166667,14-01-2026 16:00,18
1047,Pandu WR Dept Office,Assam,18,Assam,618,Kamrup Metropolitan,-,-,-,-,-,-,-,-,-,26.16861111,91.67166667,06-05-2026 14:00,0.2
1048,Pandu WR Dept Office,Assam,18,Assam,618,Kamrup Metropolitan,-,-,-,-,-,-,-,-,-,26.16861111,91.67166667,06-05-2026 17:00,0.4
1049,Pandu WR Dept Office,Assam,18,Assam,618,Kamrup Metropolitan,-,-,-,-,-,-,-,-,-,26.16861111,91.67166667,06-05-2026 18:00,0.2
1050,Pandu WR Dept Office,Assam,18,Assam,618,Kamrup Metropolitan,-,-,-,-,-,-,-,-,-,26.16861111,91.67166667,10-05-2026 16:00,1.4
1051,Pandu WR Dept Office,Assam,18,Assam,618,Kamrup Metropolitan,-,-,-,-,-,-,-,-,-,26.16861111,91.67166667,10-05-2026 17:00,0.6
1052,Pandu WR Dept Office,Assam,18,Assam,618,Kamrup Metropolitan,-,-,-,-,-,-,-,-,-,26.16861111,91.67166667,10-05-2026 18:00,0.2
1053,Pandu WR Dept Office,Assam,18,Assam,618,Kamrup Metropolitan,-,-,-,-,-,-,-,-,-,26.16861111,91.67166667,11-05-2026 04:00,0.2
1054,Pandu WR Dept Office,Assam,18,Assam,618,Kamrup Metropolitan,-,-,-,-,-,-,-,-,-,26.16861111,91.67166667,11-05-2026 05:00,3
1055,Pandu WR Dept Office,Assam,18,Assam,618,Kamrup Metropolitan,-,-,-,-,-,-,-,-,-,26.16861111,91.67166667,11-05-2026 06:00,3.2
1056,Pandu WR Dept Office,Assam,18,Assam,618,Kamrup Metropolitan,-,-,-,-,-,-,-,-,-,26.16861111,91.67166667,11-05-2026 07:00,3
1057,Pandu WR Dept Office,Assam,18,Assam,618,Kamrup Metropolitan,-,-,-,-,-,-,-,-,-,26.16861111,91.67166667,11-05-2026 08:00,1.6
1058,Pandu WR Dept Office,Assam,18,Assam,618,Kamrup Metropolitan,-,-,-,-,-,-,-,-,-,26.16861111,91.67166667,11-05-2026 09:00,0.8
1059,Pandu WR Dept Office,Assam,18,Assam,618,Kamrup Metropolitan,-,-,-,-,-,-,-,-,-,26.16861111,91.67166667,11-05-2026 13:00,0.2
1060,Pandu WR Dept Office,Assam,18,Assam,618,Kamrup Metropolitan,-,-,-,-,-,-,-,-,-,26.16861111,91.67166667,13-05-2026 09:00,0.6
1061,Pandu WR Dept Office,Assam,18,Assam,618,Kamrup Metropolitan,-,-,-,-,-,-,-,-,-,26.16861111,91.67166667,13-05-2026 10:00,0.4
1062,Pandu WR Dept Office,Assam,18,Assam,618,Kamrup Metropolitan,-,-,-,-,-,-,-,-,-,26.16861111,91.67166667,13-05-2026 11:00,0.2
1063,Pandu WR Dept Office,Assam,18,Assam,618,Kamrup Metropolitan,-,-,-,-,-,-,-,-,-,26.16861111,91.67166667,14-05-2026 08:00,1
1064,Pandu WR Dept Office,Assam,18,Assam,618,Kamrup Metropolitan,-,-,-,-,-,-,-,-,-,26.16861111,91.67166667,14-05-2026 10:00,0.4
1065,Pandu WR Dept Office,Assam,18,Assam,618,Kamrup Metropolitan,-,-,-,-,-,-,-,-,-,26.16861111,91.67166667,14-05-2026 13:00,0.2
1066,Pandu WR Dept Office,Assam,18,Assam,618,Kamrup Metropolitan,-,-,-,-,-,-,-,-,-,26.16861111,91.67166667,14-05-2026 14:00,0.2
1067,Pandu WR Dept Office,Assam,18,Assam,618,Kamrup Metropolitan,-,-,-,-,-,-,-,-,-,26.16861111,91.67166667,14-05-2026 16:00,0.2
1068,Pandu WR Dept Office,Assam,18,Assam,618,Kamrup Metropolitan,-,-,-,-,-,-,-,-,-,26.16861111,91.67166667,14-05-2026 19:00,0.2
1069,Pandu WR Dept Office,Assam,18,Assam,618,Kamrup Metropolitan,-,-,-,-,-,-,-,-,-,26.16861111,91.67166667,15-05-2026 01:00,0.2
1070,Pandu WR Dept Office,Assam,18,Assam,618,Kamrup Metropolitan,-,-,-,-,-,-,-,-,-,26.16861111,91.67166667,15-05-2026 05:00,0.2
1071,Pandu WR Dept Office,Assam,18,Assam,618,Kamrup Metropolitan,-,-,-,-,-,-,-,-,-,26.16861111,91.67166667,15-05-2026 07:00,0.2
1072,Pandu WR Dept Office,Assam,18,Assam,618,Kamrup Metropolitan,-,-,-,-,-,-,-,-,-,26.16861111,91.67166667,15-05-2026 08:00,0.2
1073,Pandu WR Dept Office,Assam,18,Assam,618,Kamrup Metropolitan,-,-,-,-,-,-,-,-,-,26.16861111,91.67166667,15-05-2026 09:00,0.2
1074,Pandu WR Dept Office,Assam,18,Assam,618,Kamrup Metropolitan,-,-,-,-,-,-,-,-,-,26.16861111,91.67166667,15-05-2026 10:00,0.2
1075,Pandu WR Dept Office,Assam,18,Assam,618,Kamrup Metropolitan,-,-,-,-,-,-,-,-,-,26.16861111,91.67166667,15-05-2026 12:00,0.2
1076,Pandu WR Dept Office,Assam,18,Assam,618,Kamrup Metropolitan,-,-,-,-,-,-,-,-,-,26.16861111,91.67166667,15-05-2026 14:00,0.2
1077,Pandu WR Dept Office,Assam,18,Assam,618,Kamrup Metropolitan,-,-,-,-,-,-,-,-,-,26.16861111,91.67166667,15-05-2026 19:00,0.2
1078,Pandu WR Dept Office,Assam,18,Assam,618,Kamrup Metropolitan,-,-,-,-,-,-,-,-,-,26.16861111,91.67166667,15-05-2026 22:00,0.2
1079,Pandu WR Dept Office,Assam,18,Assam,618,Kamrup Metropolitan,-,-,-,-,-,-,-,-,-,26.16861111,91.67166667,16-05-2026 00:00,0.2
1080,Pandu WR Dept Office,Assam,18,Assam,618,Kamrup Metropolitan,-,-,-,-,-,-,-,-,-,26.16861111,91.67166667,16-05-2026 03:00,0.2
1081,Pandu WR Dept Office,Assam,18,Assam,618,Kamrup Metropolitan,-,-,-,-,-,-,-,-,-,26.16861111,91.67166667,16-05-2026 06:00,0.2
1082,Pandu WR Dept Office,Assam,18,Assam,618,Kamrup Metropolitan,-,-,-,-,-,-,-,-,-,26.16861111,91.67166667,16-05-2026 09:00,0.2
1083,Pandu WR Dept Office,Assam,18,Assam,618,Kamrup Metropolitan,-,-,-,-,-,-,-,-,-,26.16861111,91.67166667,16-05-2026 11:00,0.2
1084,Pandu WR Dept Office,Assam,18,Assam,618,Kamrup Metropolitan,-,-,-,-,-,-,-,-,-,26.16861111,91.67166667,16-05-2026 14:00,0.2
1085,Pandu WR Dept Office,Assam,18,Assam,618,Kamrup Metropolitan,-,-,-,-,-,-,-,-,-,26.16861111,91.67166667,16-05-2026 18:00,0.2
1086,Pandu WR Dept Office,Assam,18,Assam,618,Kamrup Metropolitan,-,-,-,-,-,-,-,-,-,26.16861111,91.67166667,16-05-2026 21:00,0.2
1087,Pandu WR Dept Office,Assam,18,Assam,618,Kamrup Metropolitan,-,-,-,-,-,-,-,-,-,26.16861111,91.67166667,17-05-2026 01:00,0.2
1088,Pandu WR Dept Office,Assam,18,Assam,618,Kamrup Metropolitan,-,-,-,-,-,-,-,-,-,26.16861111,91.67166667,17-05-2026 05:00,0.2
1089,Pandu WR Dept Office,Assam,18,Assam,618,Kamrup Metropolitan,-,-,-,-,-,-,-,-,-,26.16861111,91.67166667,17-05-2026 08:00,0.2
1090,Pandu WR Dept Office,Assam,18,Assam,618,Kamrup Metropolitan,-,-,-,-,-,-,-,-,-,26.16861111,91.67166667,17-05-2026 11:00,0.2
1091,Pandu WR Dept Office,Assam,18,Assam,618,Kamrup Metropolitan,-,-,-,-,-,-,-,-,-,26.16861111,91.67166667,17-05-2026 14:00,0.2
1092,Pandu WR Dept Office,Assam,18,Assam,618,Kamrup Metropolitan,-,-,-,-,-,-,-,-,-,26.16861111,91.67166667,17-05-2026 16:00,0.2
1093,Pandu WR Dept Office,Assam,18,Assam,618,Kamrup Metropolitan,-,-,-,-,-,-,-,-,-,26.16861111,91.67166667,17-05-2026 19:00,0.2
1094,Pandu WR Dept Office,Assam,18,Assam,618,Kamrup Metropolitan,-,-,-,-,-,-,-,-,-,26.16861111,91.67166667,17-05-2026 20:00,0.2
1095,Pandu WR Dept Office,Assam,18,Assam,618,Kamrup Metropolitan,-,-,-,-,-,-,-,-,-,26.16861111,91.67166667,17-05-2026 22:00,0.2
1096,Pandu WR Dept Office,Assam,18,Assam,618,Kamrup Metropolitan,-,-,-,-,-,-,-,-,-,26.16861111,91.67166667,18-05-2026 00:00,0.2
1097,Pandu WR Dept Office,Assam,18,Assam,618,Kamrup Metropolitan,-,-,-,-,-,-,-,-,-,26.16861111,91.67166667,18-05-2026 01:00,0.2
1098,Pandu WR Dept Office,Assam,18,Assam,618,Kamrup Metropolitan,-,-,-,-,-,-,-,-,-,26.16861111,91.67166667,18-05-2026 02:00,0.2
1099,Pandu WR Dept Office,Assam,18,Assam,618,Kamrup Metropolitan,-,-,-,-,-,-,-,-,-,26.16861111,91.67166667,18-05-2026 03:00,0.2
1100,Pandu WR Dept Office,Assam,18,Assam,618,Kamrup Metropolitan,-,-,-,-,-,-,-,-,-,26.16861111,91.67166667,18-05-2026 05:00,0.2
1101,Pandu WR Dept Office,Assam,18,Assam,618,Kamrup Metropolitan,-,-,-,-,-,-,-,-,-,26.16861111,91.67166667,18-05-2026 06:00,0.2
1102,Pandu WR Dept Office,Assam,18,Assam,618,Kamrup Metropolitan,-,-,-,-,-,-,-,-,-,26.16861111,91.67166667,18-05-2026 08:00,0.2
1103,Pandu WR Dept Office,Assam,18,Assam,618,Kamrup Metropolitan,-,-,-,-,-,-,-,-,-,26.16861111,91.67166667,18-05-2026 09:00,0.2
1104,Pandu WR Dept Office,Assam,18,Assam,618,Kamrup Metropolitan,-,-,-,-,-,-,-,-,-,26.16861111,91.67166667,18-05-2026 10:00,0.2
1105,Pandu WR Dept Office,Assam,18,Assam,618,Kamrup Metropolitan,-,-,-,-,-,-,-,-,-,26.16861111,91.67166667,18-05-2026 11:00,0.2
1106,Pandu WR Dept Office,Assam,18,Assam,618,Kamrup Metropolitan,-,-,-,-,-,-,-,-,-,26.16861111,91.67166667,18-05-2026 12:00,0.2
1107,Pandu WR Dept Office,Assam,18,Assam,618,Kamrup Metropolitan,-,-,-,-,-,-,-,-,-,26.16861111,91.67166667,18-05-2026 13:00,0.2
1108,Pandu WR Dept Office,Assam,18,Assam,618,Kamrup Metropolitan,-,-,-,-,-,-,-,-,-,26.16861111,91.67166667,18-05-2026 14:00,0.2
1109,Pandu WR Dept Office,Assam,18,Assam,618,Kamrup Metropolitan,-,-,-,-,-,-,-,-,-,26.16861111,91.67166667,18-05-2026 15:00,0.2
1110,Pandu WR Dept Office,Assam,18,Assam,618,Kamrup Metropolitan,-,-,-,-,-,-,-,-,-,26.16861111,91.67166667,18-05-2026 16:00,0.4
1111,Pandu WR Dept Office,Assam,18,Assam,618,Kamrup Metropolitan,-,-,-,-,-,-,-,-,-,26.16861111,91.67166667,18-05-2026 17:00,0.2
1112,Pandu WR Dept Office,Assam,18,Assam,618,Kamrup Metropolitan,-,-,-,-,-,-,-,-,-,26.16861111,91.67166667,18-05-2026 18:00,0.2
1113,Pandu WR Dept Office,Assam,18,Assam,618,Kamrup Metropolitan,-,-,-,-,-,-,-,-,-,26.16861111,91.67166667,18-05-2026 19:00,0.2
1114,Pandu WR Dept Office,Assam,18,Assam,618,Kamrup Metropolitan,-,-,-,-,-,-,-,-,-,26.16861111,91.67166667,18-05-2026 20:00,0.2
1115,Pandu WR Dept Office,Assam,18,Assam,618,Kamrup Metropolitan,-,-,-,-,-,-,-,-,-,26.16861111,91.67166667,18-05-2026 21:00,0.2
1116,Pandu WR Dept Office,Assam,18,Assam,618,Kamrup Metropolitan,-,-,-,-,-,-,-,-,-,26.16861111,91.67166667,18-05-2026 22:00,0.4
1117,Pandu WR Dept Office,Assam,18,Assam,618,Kamrup Metropolitan,-,-,-,-,-,-,-,-,-,26.16861111,91.67166667,18-05-2026 23:00,0.2
1118,Pandu WR Dept Office,Assam,18,Assam,618,Kamrup Metropolitan,-,-,-,-,-,-,-,-,-,26.16861111,91.67166667,19-05-2026 00:00,0.2
1119,Pandu WR Dept Office,Assam,18,Assam,618,Kamrup Metropolitan,-,-,-,-,-,-,-,-,-,26.16861111,91.67166667,19-05-2026 01:00,0.2
1120,Pandu WR Dept Office,Assam,18,Assam,618,Kamrup Metropolitan,-,-,-,-,-,-,-,-,-,26.16861111,91.67166667,19-05-2026 02:00,0.2
1121,Pandu WR Dept Office,Assam,18,Assam,618,Kamrup Metropolitan,-,-,-,-,-,-,-,-,-,26.16861111,91.67166667,19-05-2026 03:00,0.2
1122,Pandu WR Dept Office,Assam,18,Assam,618,Kamrup Metropolitan,-,-,-,-,-,-,-,-,-,26.16861111,91.67166667,19-05-2026 04:00,0.2
1123,Pandu WR Dept Office,Assam,18,Assam,618,Kamrup Metropolitan,-,-,-,-,-,-,-,-,-,26.16861111,91.67166667,19-05-2026 05:00,0.2
1124,Pandu WR Dept Office,Assam,18,Assam,618,Kamrup Metropolitan,-,-,-,-,-,-,-,-,-,26.16861111,91.67166667,19-05-2026 06:00,0.2
1125,Pandu WR Dept Office,Assam,18,Assam,618,Kamrup Metropolitan,-,-,-,-,-,-,-,-,-,26.16861111,91.67166667,19-05-2026 07:00,0.2
1126,Pandu WR Dept Office,Assam,18,Assam,618,Kamrup Metropolitan,-,-,-,-,-,-,-,-,-,26.16861111,91.67166667,19-05-2026 08:00,0.2
1127,Pandu WR Dept Office,Assam,18,Assam,618,Kamrup Metropolitan,-,-,-,-,-,-,-,-,-,26.16861111,91.67166667,19-05-2026 09:00,0.2
1128,Pandu WR Dept Office,Assam,18,Assam,618,Kamrup Metropolitan,-,-,-,-,-,-,-,-,-,26.16861111,91.67166667,19-05-2026 10:00,0.2
1129,Pandu WR Dept Office,Assam,18,Assam,618,Kamrup Metropolitan,-,-,-,-,-,-,-,-,-,26.16861111,91.67166667,19-05-2026 11:00,0.2
1130,Pandu WR Dept Office,Assam,18,Assam,618,Kamrup Metropolitan,-,-,-,-,-,-,-,-,-,26.16861111,91.67166667,19-05-2026 12:00,0.4
1131,Pandu WR Dept Office,Assam,18,Assam,618,Kamrup Metropolitan,-,-,-,-,-,-,-,-,-,26.16861111,91.67166667,19-05-2026 13:00,0.2
1132,Pandu WR Dept Office,Assam,18,Assam,618,Kamrup Metropolitan,-,-,-,-,-,-,-,-,-,26.16861111,91.67166667,19-05-2026 14:00,0.2
1133,Pandu WR Dept Office,Assam,18,Assam,618,Kamrup Metropolitan,-,-,-,-,-,-,-,-,-,26.16861111,91.67166667,19-05-2026 16:00,0.2
1134,Pandu WR Dept Office,Assam,18,Assam,618,Kamrup Metropolitan,-,-,-,-,-,-,-,-,-,26.16861111,91.67166667,23-05-2026 05:00,1
1135,Pandu WR Dept Office,Assam,18,Assam,618,Kamrup Metropolitan,-,-,-,-,-,-,-,-,-,26.16861111,91.67166667,23-05-2026 06:00,0.2
1136,Pandu WR Dept Office,Assam,18,Assam,618,Kamrup Metropolitan,-,-,-,-,-,-,-,-,-,26.16861111,91.67166667,23-05-2026 10:00,0.2
1137,Pandu WR Dept Office,Assam,18,Assam,618,Kamrup Metropolitan,-,-,-,-,-,-,-,-,-,26.16861111,91.67166667,23-05-2026 11:00,3.4
1138,Pandu WR Dept Office,Assam,18,Assam,618,Kamrup Metropolitan,-,-,-,-,-,-,-,-,-,26.16861111,91.67166667,23-05-2026 12:00,0.2
1139,Pandu WR Dept Office,Assam,18,Assam,618,Kamrup Metropolitan,-,-,-,-,-,-,-,-,-,26.16861111,91.67166667,23-05-2026 13:00,0.2
1140,Pandu WR Dept Office,Assam,18,Assam,618,Kamrup Metropolitan,-,-,-,-,-,-,-,-,-,26.16861111,91.67166667,23-05-2026 14:00,0.2
1141,Pandu WR Dept Office,Assam,18,Assam,618,Kamrup Metropolitan,-,-,-,-,-,-,-,-,-,26.16861111,91.67166667,23-05-2026 15:00,0.2
1142,Pandu WR Dept Office,Assam,18,Assam,618,Kamrup Metropolitan,-,-,-,-,-,-,-,-,-,26.16861111,91.67166667,23-05-2026 16:00,0.4
1143,Pandu WR Dept Office,Assam,18,Assam,618,Kamrup Metropolitan,-,-,-,-,-,-,-,-,-,26.16861111,91.67166667,23-05-2026 17:00,0.2
1144,Pandu WR Dept Office,Assam,18,Assam,618,Kamrup Metropolitan,-,-,-,-,-,-,-,-,-,26.16861111,91.67166667,23-05-2026 18:00,0.4
1145,Pandu WR Dept Office,Assam,18,Assam,618,Kamrup Metropolitan,-,-,-,-,-,-,-,-,-,26.16861111,91.67166667,23-05-2026 19:00,0.6
1146,Pandu WR Dept Office,Assam,18,Assam,618,Kamrup Metropolitan,-,-,-,-,-,-,-,-,-,26.16861111,91.67166667,23-05-2026 20:00,0.4
1147,Pandu WR Dept Office,Assam,18,Assam,618,Kamrup Metropolitan,-,-,-,-,-,-,-,-,-,26.16861111,91.67166667,23-05-2026 21:00,0.4
1148,Pandu WR Dept Office,Assam,18,Assam,618,Kamrup Metropolitan,-,-,-,-,-,-,-,-,-,26.16861111,91.67166667,23-05-2026 22:00,0.6
1149,Pandu WR Dept Office,Assam,18,Assam,618,Kamrup Metropolitan,-,-,-,-,-,-,-,-,-,26.16861111,91.67166667,23-05-2026 23:00,2.8
1150,Pandu WR Dept Office,Assam,18,Assam,618,Kamrup Metropolitan,-,-,-,-,-,-,-,-,-,26.16861111,91.67166667,24-05-2026 00:00,0.6
1151,Pandu WR Dept Office,Assam,18,Assam,618,Kamrup Metropolitan,-,-,-,-,-,-,-,-,-,26.16861111,91.67166667,24-05-2026 01:00,7.2
1152,Pandu WR Dept Office,Assam,18,Assam,618,Kamrup Metropolitan,-,-,-,-,-,-,-,-,-,26.16861111,91.67166667,24-05-2026 02:00,0.4
1153,Pandu WR Dept Office,Assam,18,Assam,618,Kamrup Metropolitan,-,-,-,-,-,-,-,-,-,26.16861111,91.67166667,24-05-2026 03:00,0.2
1154,Pandu WR Dept Office,Assam,18,Assam,618,Kamrup Metropolitan,-,-,-,-,-,-,-,-,-,26.16861111,91.67166667,24-05-2026 05:00,0.2
1155,Pandu WR Dept Office,Assam,18,Assam,618,Kamrup Metropolitan,-,-,-,-,-,-,-,-,-,26.16861111,91.67166667,24-05-2026 07:00,6.4
1156,Pandu WR Dept Office,Assam,18,Assam,618,Kamrup Metropolitan,-,-,-,-,-,-,-,-,-,26.16861111,91.67166667,24-05-2026 08:00,0.2
1157,Pandu WR Dept Office,Assam,18,Assam,618,Kamrup Metropolitan,-,-,-,-,-,-,-,-,-,26.16861111,91.67166667,24-05-2026 09:00,0.2
1158,Pandu WR Dept Office,Assam,18,Assam,618,Kamrup Metropolitan,-,-,-,-,-,-,-,-,-,26.16861111,91.67166667,24-05-2026 11:00,0.2
1159,Pandu WR Dept Office,Assam,18,Assam,618,Kamrup Metropolitan,-,-,-,-,-,-,-,-,-,26.16861111,91.67166667,24-05-2026 12:00,0.4
1160,Pandu WR Dept Office,Assam,18,Assam,618,Kamrup Metropolitan,-,-,-,-,-,-,-,-,-,26.16861111,91.67166667,24-05-2026 13:00,0.2
1161,Pandu WR Dept Office,Assam,18,Assam,618,Kamrup Metropolitan,-,-,-,-,-,-,-,-,-,26.16861111,91.67166667,24-05-2026 14:00,0.4
1162,Pandu WR Dept Office,Assam,18,Assam,618,Kamrup Metropolitan,-,-,-,-,-,-,-,-,-,26.16861111,91.67166667,24-05-2026 15:00,0.6
1163,Pandu WR Dept Office,Assam,18,Assam,618,Kamrup Metropolitan,-,-,-,-,-,-,-,-,-,26.16861111,91.67166667,24-05-2026 16:00,0.4
1164,Pandu WR Dept Office,Assam,18,Assam,618,Kamrup Metropolitan,-,-,-,-,-,-,-,-,-,26.16861111,91.67166667,24-05-2026 17:00,0.6
1165,Pandu WR Dept Office,Assam,18,Assam,618,Kamrup Metropolitan,-,-,-,-,-,-,-,-,-,26.16861111,91.67166667,24-05-2026 18:00,0.6
1166,Pandu WR Dept Office,Assam,18,Assam,618,Kamrup Metropolitan,-,-,-,-,-,-,-,-,-,26.16861111,91.67166667,24-05-2026 19:00,0.4
1167,Pandu WR Dept Office,Assam,18,Assam,618,Kamrup Metropolitan,-,-,-,-,-,-,-,-,-,26.16861111,91.67166667,24-05-2026 20:00,0.6
1168,Pandu WR Dept Office,Assam,18,Assam,618,Kamrup Metropolitan,-,-,-,-,-,-,-,-,-,26.16861111,91.67166667,24-05-2026 21:00,0.4
1169,Pandu WR Dept Office,Assam,18,Assam,618,Kamrup Metropolitan,-,-,-,-,-,-,-,-,-,26.16861111,91.67166667,24-05-2026 22:00,0.4
1170,Pandu WR Dept Office,Assam,18,Assam,618,Kamrup Metropolitan,-,-,-,-,-,-,-,-,-,26.16861111,91.67166667,24-05-2026 23:00,0.4
1171,Pandu WR Dept Office,Assam,18,Assam,618,Kamrup Metropolitan,-,-,-,-,-,-,-,-,-,26.16861111,91.67166667,25-05-2026 00:00,0.6
1172,Pandu WR Dept Office,Assam,18,Assam,618,Kamrup Metropolitan,-,-,-,-,-,-,-,-,-,26.16861111,91.67166667,25-05-2026 01:00,0.4
1173,Pandu WR Dept Office,Assam,18,Assam,618,Kamrup Metropolitan,-,-,-,-,-,-,-,-,-,26.16861111,91.67166667,25-05-2026 02:00,0.4
1174,Pandu WR Dept Office,Assam,18,Assam,618,Kamrup Metropolitan,-,-,-,-,-,-,-,-,-,26.16861111,91.67166667,25-05-2026 03:00,0.2
1175,Pandu WR Dept Office,Assam,18,Assam,618,Kamrup Metropolitan,-,-,-,-,-,-,-,-,-,26.16861111,91.67166667,25-05-2026 04:00,0.2
1176,Pandu WR Dept Office,Assam,18,Assam,618,Kamrup Metropolitan,-,-,-,-,-,-,-,-,-,26.16861111,91.67166667,25-05-2026 05:00,0.2
1177,Pandu WR Dept Office,Assam,18,Assam,618,Kamrup Metropolitan,-,-,-,-,-,-,-,-,-,26.16861111,91.67166667,25-05-2026 06:00,0.2
1178,Pandu WR Dept Office,Assam,18,Assam,618,Kamrup Metropolitan,-,-,-,-,-,-,-,-,-,26.16861111,91.67166667,25-05-2026 08:00,0.4
1179,Pandu WR Dept Office,Assam,18,Assam,618,Kamrup Metropolitan,-,-,-,-,-,-,-,-,-,26.16861111,91.67166667,25-05-2026 09:00,0.2
1180,Pandu WR Dept Office,Assam,18,Assam,618,Kamrup Metropolitan,-,-,-,-,-,-,-,-,-,26.16861111,91.67166667,25-05-2026 10:00,0.2
1181,Pandu WR Dept Office,Assam,18,Assam,618,Kamrup Metropolitan,-,-,-,-,-,-,-,-,-,26.16861111,91.67166667,25-05-2026 11:00,0.2
1182,Pandu WR Dept Office,Assam,18,Assam,618,Kamrup Metropolitan,-,-,-,-,-,-,-,-,-,26.16861111,91.67166667,25-05-2026 12:00,0.4
1183,Pandu WR Dept Office,Assam,18,Assam,618,Kamrup Metropolitan,-,-,-,-,-,-,-,-,-,26.16861111,91.67166667,25-05-2026 13:00,0.4
1184,Pandu WR Dept Office,Assam,18,Assam,618,Kamrup Metropolitan,-,-,-,-,-,-,-,-,-,26.16861111,91.67166667,25-05-2026 14:00,0.2
1185,Pandu WR Dept Office,Assam,18,Assam,618,Kamrup Metropolitan,-,-,-,-,-,-,-,-,-,26.16861111,91.67166667,25-05-2026 15:00,0.2
1186,Pandu WR Dept Office,Assam,18,Assam,618,Kamrup Metropolitan,-,-,-,-,-,-,-,-,-,26.16861111,91.67166667,25-05-2026 16:00,0.4
1187,Pandu WR Dept Office,Assam,18,Assam,618,Kamrup Metropolitan,-,-,-,-,-,-,-,-,-,26.16861111,91.67166667,25-05-2026 17:00,0.2
1188,Pandu WR Dept Office,Assam,18,Assam,618,Kamrup Metropolitan,-,-,-,-,-,-,-,-,-,26.16861111,91.67166667,25-05-2026 19:00,0.2
1189,Pandu WR Dept Office,Assam,18,Assam,618,Kamrup Metropolitan,-,-,-,-,-,-,-,-,-,26.16861111,91.67166667,25-05-2026 20:00,0.2
1190,Pandu WR Dept Office,Assam,18,Assam,618,Kamrup Metropolitan,-,-,-,-,-,-,-,-,-,26.16861111,91.67166667,25-05-2026 22:00,0.2
1191,Pandu WR Dept Office,Assam,18,Assam,618,Kamrup Metropolitan,-,-,-,-,-,-,-,-,-,26.16861111,91.67166667,25-05-2026 23:00,0.2
1192,Pandu WR Dept Office,Assam,18,Assam,618,Kamrup Metropolitan,-,-,-,-,-,-,-,-,-,26.16861111,91.67166667,26-05-2026 00:00,0.2
1193,Pandu WR Dept Office,Assam,18,Assam,618,Kamrup Metropolitan,-,-,-,-,-,-,-,-,-,26.16861111,91.67166667,26-05-2026 02:00,0.6
1194,Pandu WR Dept Office,Assam,18,Assam,618,Kamrup Metropolitan,-,-,-,-,-,-,-,-,-,26.16861111,91.67166667,26-05-2026 04:00,0.2
1195,Pandu WR Dept Office,Assam,18,Assam,618,Kamrup Metropolitan,-,-,-,-,-,-,-,-,-,26.16861111,91.67166667,26-05-2026 05:00,0.2
1196,Pandu WR Dept Office,Assam,18,Assam,618,Kamrup Metropolitan,-,-,-,-,-,-,-,-,-,26.16861111,91.67166667,26-05-2026 07:00,0.2
1197,Pandu WR Dept Office,Assam,18,Assam,618,Kamrup Metropolitan,-,-,-,-,-,-,-,-,-,26.16861111,91.67166667,26-05-2026 08:00,0.2
1198,Pandu WR Dept Office,Assam,18,Assam,618,Kamrup Metropolitan,-,-,-,-,-,-,-,-,-,26.16861111,91.67166667,26-05-2026 09:00,0.2
1199,Pandu WR Dept Office,Assam,18,Assam,618,Kamrup Metropolitan,-,-,-,-,-,-,-,-,-,26.16861111,91.67166667,26-05-2026 11:00,0.2
1200,Pandu WR Dept Office,Assam,18,Assam,618,Kamrup Metropolitan,-,-,-,-,-,-,-,-,-,26.16861111,91.67166667,26-05-2026 12:00,0.2
1201,Pandu WR Dept Office,Assam,18,Assam,618,Kamrup Metropolitan,-,-,-,-,-,-,-,-,-,26.16861111,91.67166667,26-05-2026 13:00,0.2
1202,Pandu WR Dept Office,Assam,18,Assam,618,Kamrup Metropolitan,-,-,-,-,-,-,-,-,-,26.16861111,91.67166667,26-05-2026 14:00,0.4
1203,Pandu WR Dept Office,Assam,18,Assam,618,Kamrup Metropolitan,-,-,-,-,-,-,-,-,-,26.16861111,91.67166667,26-05-2026 15:00,0.2
1204,Pandu WR Dept Office,Assam,18,Assam,618,Kamrup Metropolitan,-,-,-,-,-,-,-,-,-,26.16861111,91.67166667,26-05-2026 16:00,0.2
1205,Pandu WR Dept Office,Assam,18,Assam,618,Kamrup Metropolitan,-,-,-,-,-,-,-,-,-,26.16861111,91.67166667,26-05-2026 17:00,0.4
1206,Pandu WR Dept Office,Assam,18,Assam,618,Kamrup Metropolitan,-,-,-,-,-,-,-,-,-,26.16861111,91.67166667,26-05-2026 18:00,0.2
1207,Pandu WR Dept Office,Assam,18,Assam,618,Kamrup Metropolitan,-,-,-,-,-,-,-,-,-,26.16861111,91.67166667,26-05-2026 19:00,0.2
1208,Pandu WR Dept Office,Assam,18,Assam,618,Kamrup Metropolitan,-,-,-,-,-,-,-,-,-,26.16861111,91.67166667,26-05-2026 20:00,0.2
1209,Pandu WR Dept Office,Assam,18,Assam,618,Kamrup Metropolitan,-,-,-,-,-,-,-,-,-,26.16861111,91.67166667,26-05-2026 21:00,0.2
1210,Pandu WR Dept Office,Assam,18,Assam,618,Kamrup Metropolitan,-,-,-,-,-,-,-,-,-,26.16861111,91.67166667,26-05-2026 22:00,0.2
1211,Pandu WR Dept Office,Assam,18,Assam,618,Kamrup Metropolitan,-,-,-,-,-,-,-,-,-,26.16861111,91.67166667,26-05-2026 23:00,0.2
1212,Pandu WR Dept Office,Assam,18,Assam,618,Kamrup Metropolitan,-,-,-,-,-,-,-,-,-,26.16861111,91.67166667,27-05-2026 00:00,0.2
1213,Pandu WR Dept Office,Assam,18,Assam,618,Kamrup Metropolitan,-,-,-,-,-,-,-,-,-,26.16861111,91.67166667,27-05-2026 01:00,0.2
1214,Pandu WR Dept Office,Assam,18,Assam,618,Kamrup Metropolitan,-,-,-,-,-,-,-,-,-,26.16861111,91.67166667,27-05-2026 02:00,0.2
1215,Pandu WR Dept Office,Assam,18,Assam,618,Kamrup Metropolitan,-,-,-,-,-,-,-,-,-,26.16861111,91.67166667,27-05-2026 03:00,0.2
1216,Pandu WR Dept Office,Assam,18,Assam,618,Kamrup Metropolitan,-,-,-,-,-,-,-,-,-,26.16861111,91.67166667,27-05-2026 04:00,0.2
1217,Pandu WR Dept Office,Assam,18,Assam,618,Kamrup Metropolitan,-,-,-,-,-,-,-,-,-,26.16861111,91.67166667,27-05-2026 05:00,0.2
1218,Pandu WR Dept Office,Assam,18,Assam,618,Kamrup Metropolitan,-,-,-,-,-,-,-,-,-,26.16861111,91.67166667,27-05-2026 07:00,0.2
1219,Pandu WR Dept Office,Assam,18,Assam,618,Kamrup Metropolitan,-,-,-,-,-,-,-,-,-,26.16861111,91.67166667,27-05-2026 08:00,0.2
1220,Pandu WR Dept Office,Assam,18,Assam,618,Kamrup Metropolitan,-,-,-,-,-,-,-,-,-,26.16861111,91.67166667,27-05-2026 09:00,0.2
1221,Pandu WR Dept Office,Assam,18,Assam,618,Kamrup Metropolitan,-,-,-,-,-,-,-,-,-,26.16861111,91.67166667,27-05-2026 10:00,0.2
1222,Pandu WR Dept Office,Assam,18,Assam,618,Kamrup Metropolitan,-,-,-,-,-,-,-,-,-,26.16861111,91.67166667,27-05-2026 11:00,0.2
1223,Pandu WR Dept Office,Assam,18,Assam,618,Kamrup Metropolitan,-,-,-,-,-,-,-,-,-,26.16861111,91.67166667,27-05-2026 12:00,0.2
1224,Pandu WR Dept Office,Assam,18,Assam,618,Kamrup Metropolitan,-,-,-,-,-,-,-,-,-,26.16861111,91.67166667,27-05-2026 14:00,0.2
1225,Pandu WR Dept Office,Assam,18,Assam,618,Kamrup Metropolitan,-,-,-,-,-,-,-,-,-,26.16861111,91.67166667,28-05-2026 06:00,0.2
1226,Pandu WR Dept Office,Assam,18,Assam,618,Kamrup Metropolitan,-,-,-,-,-,-,-,-,-,26.16861111,91.67166667,28-05-2026 09:00,0.2
1227,Saijangram Vetenary Hospital,Assam,18,Assam,281,BONGAIGAON,-,-,-,-,-,-,-,-,-,26.37615100,90.71855100,11-05-2026 15:00,1.2
1228,Saijangram Vetenary Hospital,Assam,18,Assam,281,BONGAIGAON,-,-,-,-,-,-,-,-,-,26.37615100,90.71855100,12-05-2026 02:00,0.2
1229,Saijangram Vetenary Hospital,Assam,18,Assam,281,BONGAIGAON,-,-,-,-,-,-,-,-,-,26.37615100,90.71855100,12-05-2026 06:00,0.2
1230,Saijangram Vetenary Hospital,Assam,18,Assam,281,BONGAIGAON,-,-,-,-,-,-,-,-,-,26.37615100,90.71855100,12-05-2026 12:00,1.8
1231,Saijangram Vetenary Hospital,Assam,18,Assam,281,BONGAIGAON,-,-,-,-,-,-,-,-,-,26.37615100,90.71855100,12-05-2026 13:00,0.8
1232,Saijangram Vetenary Hospital,Assam,18,Assam,281,BONGAIGAON,-,-,-,-,-,-,-,-,-,26.37615100,90.71855100,12-05-2026 15:00,1.4
1233,Saijangram Vetenary Hospital,Assam,18,Assam,281,BONGAIGAON,-,-,-,-,-,-,-,-,-,26.37615100,90.71855100,12-05-2026 18:00,0.2
1234,Saijangram Vetenary Hospital,Assam,18,Assam,281,BONGAIGAON,-,-,-,-,-,-,-,-,-,26.37615100,90.71855100,13-05-2026 04:00,2.2
1235,Saijangram Vetenary Hospital,Assam,18,Assam,281,BONGAIGAON,-,-,-,-,-,-,-,-,-,26.37615100,90.71855100,13-05-2026 05:00,4.6
1236,Saijangram Vetenary Hospital,Assam,18,Assam,281,BONGAIGAON,-,-,-,-,-,-,-,-,-,26.37615100,90.71855100,13-05-2026 06:00,0.8
1237,Saijangram Vetenary Hospital,Assam,18,Assam,281,BONGAIGAON,-,-,-,-,-,-,-,-,-,26.37615100,90.71855100,13-05-2026 12:00,0.2
1238,Saijangram Vetenary Hospital,Assam,18,Assam,281,BONGAIGAON,-,-,-,-,-,-,-,-,-,26.37615100,90.71855100,13-05-2026 23:00,0.2
1239,Saijangram Vetenary Hospital,Assam,18,Assam,281,BONGAIGAON,-,-,-,-,-,-,-,-,-,26.37615100,90.71855100,14-05-2026 02:00,0.2
1240,Saijangram Vetenary Hospital,Assam,18,Assam,281,BONGAIGAON,-,-,-,-,-,-,-,-,-,26.37615100,90.71855100,14-05-2026 03:00,0.2
1241,Saijangram Vetenary Hospital,Assam,18,Assam,281,BONGAIGAON,-,-,-,-,-,-,-,-,-,26.37615100,90.71855100,14-05-2026 05:00,1
1242,Saijangram Vetenary Hospital,Assam,18,Assam,281,BONGAIGAON,-,-,-,-,-,-,-,-,-,26.37615100,90.71855100,14-05-2026 06:00,0.2
1243,Saijangram Vetenary Hospital,Assam,18,Assam,281,BONGAIGAON,-,-,-,-,-,-,-,-,-,26.37615100,90.71855100,14-05-2026 07:00,0.2
1244,Saijangram Vetenary Hospital,Assam,18,Assam,281,BONGAIGAON,-,-,-,-,-,-,-,-,-,26.37615100,90.71855100,14-05-2026 13:00,3.8
1245,Saijangram Vetenary Hospital,Assam,18,Assam,281,BONGAIGAON,-,-,-,-,-,-,-,-,-,26.37615100,90.71855100,15-05-2026 01:00,0.4
1246,Saijangram Vetenary Hospital,Assam,18,Assam,281,BONGAIGAON,-,-,-,-,-,-,-,-,-,26.37615100,90.71855100,15-05-2026 02:00,12
1247,Saijangram Vetenary Hospital,Assam,18,Assam,281,BONGAIGAON,-,-,-,-,-,-,-,-,-,26.37615100,90.71855100,15-05-2026 03:00,2.4
1248,Saijangram Vetenary Hospital,Assam,18,Assam,281,BONGAIGAON,-,-,-,-,-,-,-,-,-,26.37615100,90.71855100,15-05-2026 06:00,2.4
1249,Saijangram Vetenary Hospital,Assam,18,Assam,281,BONGAIGAON,-,-,-,-,-,-,-,-,-,26.37615100,90.71855100,15-05-2026 07:00,0.2
1250,Saijangram Vetenary Hospital,Assam,18,Assam,281,BONGAIGAON,-,-,-,-,-,-,-,-,-,26.37615100,90.71855100,15-05-2026 23:00,1.4
1251,Saijangram Vetenary Hospital,Assam,18,Assam,281,BONGAIGAON,-,-,-,-,-,-,-,-,-,26.37615100,90.71855100,16-05-2026 00:00,14
1252,Saijangram Vetenary Hospital,Assam,18,Assam,281,BONGAIGAON,-,-,-,-,-,-,-,-,-,26.37615100,90.71855100,16-05-2026 01:00,2.6
1253,Saijangram Vetenary Hospital,Assam,18,Assam,281,BONGAIGAON,-,-,-,-,-,-,-,-,-,26.37615100,90.71855100,16-05-2026 02:00,2.6
1254,Saijangram Vetenary Hospital,Assam,18,Assam,281,BONGAIGAON,-,-,-,-,-,-,-,-,-,26.37615100,90.71855100,16-05-2026 03:00,8.4
1255,Saijangram Vetenary Hospital,Assam,18,Assam,281,BONGAIGAON,-,-,-,-,-,-,-,-,-,26.37615100,90.71855100,16-05-2026 04:00,4
1256,Saijangram Vetenary Hospital,Assam,18,Assam,281,BONGAIGAON,-,-,-,-,-,-,-,-,-,26.37615100,90.71855100,16-05-2026 05:00,0.8
1257,Saijangram Vetenary Hospital,Assam,18,Assam,281,BONGAIGAON,-,-,-,-,-,-,-,-,-,26.37615100,90.71855100,16-05-2026 09:00,1.4
1258,Saijangram Vetenary Hospital,Assam,18,Assam,281,BONGAIGAON,-,-,-,-,-,-,-,-,-,26.37615100,90.71855100,16-05-2026 11:00,1
1259,Saijangram Vetenary Hospital,Assam,18,Assam,281,BONGAIGAON,-,-,-,-,-,-,-,-,-,26.37615100,90.71855100,16-05-2026 12:00,0.2
1260,Saijangram Vetenary Hospital,Assam,18,Assam,281,BONGAIGAON,-,-,-,-,-,-,-,-,-,26.37615100,90.71855100,16-05-2026 20:00,0.2
1261,Saijangram Vetenary Hospital,Assam,18,Assam,281,BONGAIGAON,-,-,-,-,-,-,-,-,-,26.37615100,90.71855100,16-05-2026 21:00,1
1262,Saijangram Vetenary Hospital,Assam,18,Assam,281,BONGAIGAON,-,-,-,-,-,-,-,-,-,26.37615100,90.71855100,16-05-2026 22:00,6.8
1263,Saijangram Vetenary Hospital,Assam,18,Assam,281,BONGAIGAON,-,-,-,-,-,-,-,-,-,26.37615100,90.71855100,17-05-2026 02:00,1
1264,Saijangram Vetenary Hospital,Assam,18,Assam,281,BONGAIGAON,-,-,-,-,-,-,-,-,-,26.37615100,90.71855100,17-05-2026 03:00,0.6
1265,Saijangram Vetenary Hospital,Assam,18,Assam,281,BONGAIGAON,-,-,-,-,-,-,-,-,-,26.37615100,90.71855100,17-05-2026 18:00,2
1266,Saijangram Vetenary Hospital,Assam,18,Assam,281,BONGAIGAON,-,-,-,-,-,-,-,-,-,26.37615100,90.71855100,17-05-2026 19:00,0.6
1267,Saijangram Vetenary Hospital,Assam,18,Assam,281,BONGAIGAON,-,-,-,-,-,-,-,-,-,26.37615100,90.71855100,19-05-2026 07:00,0.2
1268,Saijangram Vetenary Hospital,Assam,18,Assam,281,BONGAIGAON,-,-,-,-,-,-,-,-,-,26.37615100,90.71855100,21-05-2026 09:00,0.2
1269,Saijangram Vetenary Hospital,Assam,18,Assam,281,BONGAIGAON,-,-,-,-,-,-,-,-,-,26.37615100,90.71855100,21-05-2026 11:00,19
1270,Saijangram Vetenary Hospital,Assam,18,Assam,281,BONGAIGAON,-,-,-,-,-,-,-,-,-,26.37615100,90.71855100,21-05-2026 12:00,35.8
1271,Saijangram Vetenary Hospital,Assam,18,Assam,281,BONGAIGAON,-,-,-,-,-,-,-,-,-,26.37615100,90.71855100,21-05-2026 13:00,1
1272,Saijangram Vetenary Hospital,Assam,18,Assam,281,BONGAIGAON,-,-,-,-,-,-,-,-,-,26.37615100,90.71855100,21-05-2026 17:00,0.2
1273,Saijangram Vetenary Hospital,Assam,18,Assam,281,BONGAIGAON,-,-,-,-,-,-,-,-,-,26.37615100,90.71855100,23-05-2026 08:00,10.2
1274,Saijangram Vetenary Hospital,Assam,18,Assam,281,BONGAIGAON,-,-,-,-,-,-,-,-,-,26.37615100,90.71855100,23-05-2026 09:00,14.6
1275,Saijangram Vetenary Hospital,Assam,18,Assam,281,BONGAIGAON,-,-,-,-,-,-,-,-,-,26.37615100,90.71855100,23-05-2026 10:00,0.2
1276,Saijangram Vetenary Hospital,Assam,18,Assam,281,BONGAIGAON,-,-,-,-,-,-,-,-,-,26.37615100,90.71855100,23-05-2026 13:00,2.4
1277,Saijangram Vetenary Hospital,Assam,18,Assam,281,BONGAIGAON,-,-,-,-,-,-,-,-,-,26.37615100,90.71855100,23-05-2026 21:00,13.6
1278,Saijangram Vetenary Hospital,Assam,18,Assam,281,BONGAIGAON,-,-,-,-,-,-,-,-,-,26.37615100,90.71855100,23-05-2026 22:00,0.2
1279,Saijangram Vetenary Hospital,Assam,18,Assam,281,BONGAIGAON,-,-,-,-,-,-,-,-,-,26.37615100,90.71855100,23-05-2026 23:00,1.8
1280,Saijangram Vetenary Hospital,Assam,18,Assam,281,BONGAIGAON,-,-,-,-,-,-,-,-,-,26.37615100,90.71855100,24-05-2026 00:00,1
1281,Saijangram Vetenary Hospital,Assam,18,Assam,281,BONGAIGAON,-,-,-,-,-,-,-,-,-,26.37615100,90.71855100,24-05-2026 01:00,29.2
1282,Saijangram Vetenary Hospital,Assam,18,Assam,281,BONGAIGAON,-,-,-,-,-,-,-,-,-,26.37615100,90.71855100,24-05-2026 05:00,0.6
1283,Saijangram Vetenary Hospital,Assam,18,Assam,281,BONGAIGAON,-,-,-,-,-,-,-,-,-,26.37615100,90.71855100,24-05-2026 06:00,0.2
1284,Saijangram Vetenary Hospital,Assam,18,Assam,281,BONGAIGAON,-,-,-,-,-,-,-,-,-,26.37615100,90.71855100,24-05-2026 19:00,4.2
1285,Saijangram Vetenary Hospital,Assam,18,Assam,281,BONGAIGAON,-,-,-,-,-,-,-,-,-,26.37615100,90.71855100,24-05-2026 20:00,0.4
1286,Saijangram Vetenary Hospital,Assam,18,Assam,281,BONGAIGAON,-,-,-,-,-,-,-,-,-,26.37615100,90.71855100,24-05-2026 21:00,18.4
1287,Saijangram Vetenary Hospital,Assam,18,Assam,281,BONGAIGAON,-,-,-,-,-,-,-,-,-,26.37615100,90.71855100,24-05-2026 22:00,6.4
1288,Saijangram Vetenary Hospital,Assam,18,Assam,281,BONGAIGAON,-,-,-,-,-,-,-,-,-,26.37615100,90.71855100,24-05-2026 23:00,0.4
1289,Saijangram Vetenary Hospital,Assam,18,Assam,281,BONGAIGAON,-,-,-,-,-,-,-,-,-,26.37615100,90.71855100,25-05-2026 07:00,0.8
1290,Saijangram Vetenary Hospital,Assam,18,Assam,281,BONGAIGAON,-,-,-,-,-,-,-,-,-,26.37615100,90.71855100,25-05-2026 08:00,2.8
1291,Saijangram Vetenary Hospital,Assam,18,Assam,281,BONGAIGAON,-,-,-,-,-,-,-,-,-,26.37615100,90.71855100,25-05-2026 09:00,2.2
1292,Saijangram Vetenary Hospital,Assam,18,Assam,281,BONGAIGAON,-,-,-,-,-,-,-,-,-,26.37615100,90.71855100,25-05-2026 10:00,1.4
1293,Saijangram Vetenary Hospital,Assam,18,Assam,281,BONGAIGAON,-,-,-,-,-,-,-,-,-,26.37615100,90.71855100,25-05-2026 11:00,0.2
1294,Saijangram Vetenary Hospital,Assam,18,Assam,281,BONGAIGAON,-,-,-,-,-,-,-,-,-,26.37615100,90.71855100,25-05-2026 17:00,0.2
1295,Saijangram Vetenary Hospital,Assam,18,Assam,281,BONGAIGAON,-,-,-,-,-,-,-,-,-,26.37615100,90.71855100,25-05-2026 20:00,4.8
1296,Saijangram Vetenary Hospital,Assam,18,Assam,281,BONGAIGAON,-,-,-,-,-,-,-,-,-,26.37615100,90.71855100,25-05-2026 21:00,2.4
1297,Saijangram Vetenary Hospital,Assam,18,Assam,281,BONGAIGAON,-,-,-,-,-,-,-,-,-,26.37615100,90.71855100,25-05-2026 22:00,11.6
1298,Saijangram Vetenary Hospital,Assam,18,Assam,281,BONGAIGAON,-,-,-,-,-,-,-,-,-,26.37615100,90.71855100,26-05-2026 03:00,0.2
1299,Saijangram Vetenary Hospital,Assam,18,Assam,281,BONGAIGAON,-,-,-,-,-,-,-,-,-,26.37615100,90.71855100,26-05-2026 04:00,0.4
1300,Saijangram Vetenary Hospital,Assam,18,Assam,281,BONGAIGAON,-,-,-,-,-,-,-,-,-,26.37615100,90.71855100,26-05-2026 05:00,11
1301,Saijangram Vetenary Hospital,Assam,18,Assam,281,BONGAIGAON,-,-,-,-,-,-,-,-,-,26.37615100,90.71855100,26-05-2026 06:00,0.4
1302,Saijangram Vetenary Hospital,Assam,18,Assam,281,BONGAIGAON,-,-,-,-,-,-,-,-,-,26.37615100,90.71855100,31-05-2026 22:00,2
1303,Saijangram Vetenary Hospital,Assam,18,Assam,281,BONGAIGAON,-,-,-,-,-,-,-,-,-,26.37615100,90.71855100,01-06-2026 02:00,0.2
1304,Saijangram Vetenary Hospital,Assam,18,Assam,281,BONGAIGAON,-,-,-,-,-,-,-,-,-,26.37615100,90.71855100,03-06-2026 01:00,7.2
1305,Saijangram Vetenary Hospital,Assam,18,Assam,281,BONGAIGAON,-,-,-,-,-,-,-,-,-,26.37615100,90.71855100,03-06-2026 05:00,6.2
1306,Saijangram Vetenary Hospital,Assam,18,Assam,281,BONGAIGAON,-,-,-,-,-,-,-,-,-,26.37615100,90.71855100,03-06-2026 06:00,0.6
1307,Saijangram Vetenary Hospital,Assam,18,Assam,281,BONGAIGAON,-,-,-,-,-,-,-,-,-,26.37615100,90.71855100,03-06-2026 14:00,0.2
1308,Saijangram Vetenary Hospital,Assam,18,Assam,281,BONGAIGAON,-,-,-,-,-,-,-,-,-,26.37615100,90.71855100,03-06-2026 18:00,0.2
1309,Saijangram Vetenary Hospital,Assam,18,Assam,281,BONGAIGAON,-,-,-,-,-,-,-,-,-,26.37615100,90.71855100,03-06-2026 19:00,0.8
1310,Saijangram Vetenary Hospital,Assam,18,Assam,281,BONGAIGAON,-,-,-,-,-,-,-,-,-,26.37615100,90.71855100,03-06-2026 20:00,4
1311,Saijangram Vetenary Hospital,Assam,18,Assam,281,BONGAIGAON,-,-,-,-,-,-,-,-,-,26.37615100,90.71855100,03-06-2026 21:00,2.6
1312,Saijangram Vetenary Hospital,Assam,18,Assam,281,BONGAIGAON,-,-,-,-,-,-,-,-,-,26.37615100,90.71855100,03-06-2026 23:00,0.2
1313,TILOI RIVER BRIDGE NH-2 ASSAM TRUNK ROAD NH-2 NEAR TILOI NAGAR,Assam,18,Assam,286,DIBRUGARH,DIBRUGARH WEST,-,-,-,Brahmaputra,-,-,-,-,27.22805556,94.88944444,18-05-2026 09:00,1
1314,TILOI RIVER BRIDGE NH-2 ASSAM TRUNK ROAD NH-2 NEAR TILOI NAGAR,Assam,18,Assam,286,DIBRUGARH,DIBRUGARH WEST,-,-,-,Brahmaputra,-,-,-,-,27.22805556,94.88944444,20-05-2026 13:00,2
1315,TILOI RIVER BRIDGE NH-2 ASSAM TRUNK ROAD NH-2 NEAR TILOI NAGAR,Assam,18,Assam,286,DIBRUGARH,DIBRUGARH WEST,-,-,-,Brahmaputra,-,-,-,-,27.22805556,94.88944444,20-05-2026 14:00,0.6
1316,TILOI RIVER BRIDGE NH-2 ASSAM TRUNK ROAD NH-2 NEAR TILOI NAGAR,Assam,18,Assam,286,DIBRUGARH,DIBRUGARH WEST,-,-,-,Brahmaputra,-,-,-,-,27.22805556,94.88944444,21-05-2026 05:00,7.8
1317,TILOI RIVER BRIDGE NH-2 ASSAM TRUNK ROAD NH-2 NEAR TILOI NAGAR,Assam,18,Assam,286,DIBRUGARH,DIBRUGARH WEST,-,-,-,Brahmaputra,-,-,-,-,27.22805556,94.88944444,23-05-2026 06:00,0.4
1318,TILOI RIVER BRIDGE NH-2 ASSAM TRUNK ROAD NH-2 NEAR TILOI NAGAR,Assam,18,Assam,286,DIBRUGARH,DIBRUGARH WEST,-,-,-,Brahmaputra,-,-,-,-,27.22805556,94.88944444,23-05-2026 08:00,4.4
1319,TILOI RIVER BRIDGE NH-2 ASSAM TRUNK ROAD NH-2 NEAR TILOI NAGAR,Assam,18,Assam,286,DIBRUGARH,DIBRUGARH WEST,-,-,-,Brahmaputra,-,-,-,-,27.22805556,94.88944444,23-05-2026 09:00,4.2
1320,TILOI RIVER BRIDGE NH-2 ASSAM TRUNK ROAD NH-2 NEAR TILOI NAGAR,Assam,18,Assam,286,DIBRUGARH,DIBRUGARH WEST,-,-,-,Brahmaputra,-,-,-,-,27.22805556,94.88944444,23-05-2026 10:00,3
1321,TILOI RIVER BRIDGE NH-2 ASSAM TRUNK ROAD NH-2 NEAR TILOI NAGAR,Assam,18,Assam,286,DIBRUGARH,DIBRUGARH WEST,-,-,-,Brahmaputra,-,-,-,-,27.22805556,94.88944444,23-05-2026 11:00,4.8
1322,TILOI RIVER BRIDGE NH-2 ASSAM TRUNK ROAD NH-2 NEAR TILOI NAGAR,Assam,18,Assam,286,DIBRUGARH,DIBRUGARH WEST,-,-,-,Brahmaputra,-,-,-,-,27.22805556,94.88944444,30-05-2026 18:00,0.2
1323,TILOI RIVER BRIDGE NH-2 ASSAM TRUNK ROAD NH-2 NEAR TILOI NAGAR,Assam,18,Assam,286,DIBRUGARH,DIBRUGARH WEST,-,-,-,Brahmaputra,-,-,-,-,27.22805556,94.88944444,31-05-2026 17:00,0.2
1324,TILOI RIVER BRIDGE NH-2 ASSAM TRUNK ROAD NH-2 NEAR TILOI NAGAR,Assam,18,Assam,286,DIBRUGARH,DIBRUGARH WEST,-,-,-,Brahmaputra,-,-,-,-,27.22805556,94.88944444,02-06-2026 02:00,2.4
1325,TILOI RIVER BRIDGE NH-2 ASSAM TRUNK ROAD NH-2 NEAR TILOI NAGAR,Assam,18,Assam,286,DIBRUGARH,DIBRUGARH WEST,-,-,-,Brahmaputra,-,-,-,-,27.22805556,94.88944444,02-06-2026 03:00,7
1326,TILOI RIVER BRIDGE NH-2 ASSAM TRUNK ROAD NH-2 NEAR TILOI NAGAR,Assam,18,Assam,286,DIBRUGARH,DIBRUGARH WEST,-,-,-,Brahmaputra,-,-,-,-,27.22805556,94.88944444,02-06-2026 04:00,4.8
1327,TILOI RIVER BRIDGE NH-2 ASSAM TRUNK ROAD NH-2 NEAR TILOI NAGAR,Assam,18,Assam,286,DIBRUGARH,DIBRUGARH WEST,-,-,-,Brahmaputra,-,-,-,-,27.22805556,94.88944444,02-06-2026 05:00,2.4
1328,TILOI RIVER BRIDGE NH-2 ASSAM TRUNK ROAD NH-2 NEAR TILOI NAGAR,Assam,18,Assam,286,DIBRUGARH,DIBRUGARH WEST,-,-,-,Brahmaputra,-,-,-,-,27.22805556,94.88944444,02-06-2026 06:00,1.4
1329,TILOI RIVER BRIDGE NH-2 ASSAM TRUNK ROAD NH-2 NEAR TILOI NAGAR,Assam,18,Assam,286,DIBRUGARH,DIBRUGARH WEST,-,-,-,Brahmaputra,-,-,-,-,27.22805556,94.88944444,02-06-2026 07:00,1.2
1330,TILOI RIVER BRIDGE NH-2 ASSAM TRUNK ROAD NH-2 NEAR TILOI NAGAR,Assam,18,Assam,286,DIBRUGARH,DIBRUGARH WEST,-,-,-,Brahmaputra,-,-,-,-,27.22805556,94.88944444,02-06-2026 08:00,1
1331,TILOI RIVER BRIDGE NH-2 ASSAM TRUNK ROAD NH-2 NEAR TILOI NAGAR,Assam,18,Assam,286,DIBRUGARH,DIBRUGARH WEST,-,-,-,Brahmaputra,-,-,-,-,27.22805556,94.88944444,02-06-2026 09:00,0.2
1332,TILOI RIVER BRIDGE NH-2 ASSAM TRUNK ROAD NH-2 NEAR TILOI NAGAR,Assam,18,Assam,286,DIBRUGARH,DIBRUGARH WEST,-,-,-,Brahmaputra,-,-,-,-,27.22805556,94.88944444,02-06-2026 10:00,0.4
1333,TILOI RIVER BRIDGE NH-2 ASSAM TRUNK ROAD NH-2 NEAR TILOI NAGAR,Assam,18,Assam,286,DIBRUGARH,DIBRUGARH WEST,-,-,-,Brahmaputra,-,-,-,-,27.22805556,94.88944444,02-06-2026 11:00,0.2
1334,TILOI RIVER BRIDGE NH-2 ASSAM TRUNK ROAD NH-2 NEAR TILOI NAGAR,Assam,18,Assam,286,DIBRUGARH,DIBRUGARH WEST,-,-,-,Brahmaputra,-,-,-,-,27.22805556,94.88944444,02-06-2026 17:00,0.4
1335,TILOI RIVER BRIDGE NH-2 ASSAM TRUNK ROAD NH-2 NEAR TILOI NAGAR,Assam,18,Assam,286,DIBRUGARH,DIBRUGARH WEST,-,-,-,Brahmaputra,-,-,-,-,27.22805556,94.88944444,03-06-2026 02:00,0.2
1336,TILOI RIVER BRIDGE NH-2 ASSAM TRUNK ROAD NH-2 NEAR TILOI NAGAR,Assam,18,Assam,286,DIBRUGARH,DIBRUGARH WEST,-,-,-,Brahmaputra,-,-,-,-,27.22805556,94.88944444,03-06-2026 18:00,0.4
